[2026-09-23 05:26:52,742] ERROR in app: Unhandled exception: name 'stored_hash' is not defined
Traceback (most recent call last):
  File "/home/kyle/kimfresh/backend/venv/lib/python3.12/site-packages/flask/app.py", line 917, in full_dispatch_request
    rv = self.dispatch_request()
         ^^^^^^^^^^^^^^^^^^^^^^^
  File "/home/kyle/kimfresh/backend/venv/lib/python3.12/site-packages/flask/app.py", line 902, in dispatch_request
    return self.ensure_sync(self.view_functions[rule.endpoint])(**view_args)  # type: ignore[no-any-return]
           ^^^^^^^^^^^^^^^^^^^^^^^^^^^^^^^^^^^^^^^^^^^^^^^^^^^^^^^^^^^^^^^^^
  File "/home/kyle/kimfresh/backend/venv/lib/python3.12/site-packages/flask_limiter/_limits.py", line 326, in __inner
    return cast(R, flask.current_app.ensure_sync(obj)(*a, **k))
                   ^^^^^^^^^^^^^^^^^^^^^^^^^^^^^^^^^^^^^^^^^^^
  File "/home/kyle/kimfresh/backend/auth.py", line 61, in login
    if not stored_hash:
           ^^^^^^^^^^^
NameError: name 'stored_hash' is not defined
[2026-09-23 05:26:59,969] ERROR in app: Unhandled exception: name 'stored_hash' is not defined
Traceback (most recent call last):
  File "/home/kyle/kimfresh/backend/venv/lib/python3.12/site-packages/flask/app.py", line 917, in full_dispatch_request
    rv = self.dispatch_request()
         ^^^^^^^^^^^^^^^^^^^^^^^
  File "/home/kyle/kimfresh/backend/venv/lib/python3.12/site-packages/flask/app.py", line 902, in dispatch_request
    return self.ensure_sync(self.view_functions[rule.endpoint])(**view_args)  # type: ignore[no-any-return]
           ^^^^^^^^^^^^^^^^^^^^^^^^^^^^^^^^^^^^^^^^^^^^^^^^^^^^^^^^^^^^^^^^^
  File "/home/kyle/kimfresh/backend/venv/lib/python3.12/site-packages/flask_limiter/_limits.py", line 326, in __inner
    return cast(R, flask.current_app.ensure_sync(obj)(*a, **k))
                   ^^^^^^^^^^^^^^^^^^^^^^^^^^^^^^^^^^^^^^^^^^^
  File "/home/kyle/kimfresh/backend/auth.py", line 61, in login
    if not stored_hash:
           ^^^^^^^^^^^
NameError: name 'stored_hash' is not defined
[2026-09-23 05:28:20,656] INFO in auth: Login success: admin@kimfresh.com as admin
[2026-09-23 05:28:44,402] INFO in auth: Login success: admin@kimfresh.com as admin
[2026-09-23 05:30:05,733] INFO in auth: Login success: admin@kimfresh.com as admin
[2026-09-23 05:30:06,013] INFO in auth: Login success: retailer@kimfresh.com as retailer
[2026-09-23 05:30:06,265] INFO in auth: Login success: driver@kimfresh.com as driver
[2026-09-23 05:30:06,531] WARNING in auth: Login failed: wrong password for retailer@kimfresh.com
[2026-09-23 05:30:06,651] WARNING in auth: Login failed: unknown email nobody@kimfresh.com
[2026-09-23 05:30:08,364] INFO in orders: Order #29 placed by retailer 1 total ₱175.00
[2026-09-23 05:30:08,575] INFO in orders: Order #30 placed by retailer 1 total ₱120.00
[2026-09-23 05:30:09,075] INFO in orders: Order #31 placed by retailer 1 total ₱175.00
[2026-09-23 05:30:09,253] INFO in orders: Order #32 placed by retailer 1 total ₱350.00
[2026-09-23 06:22:55,932] INFO in auth: Login success: admin@kimfresh.com as admin
[2026-09-23 06:27:19,589] INFO in auth: Login success: admin@kimfresh.com as admin
[2026-09-23 06:35:55,816] INFO in auth: Login success: admin@kimfresh.com as admin
[2026-09-23 06:35:55,992] INFO in auth: Login success: retailer@kimfresh.com as retailer
[2026-09-23 06:35:56,171] INFO in auth: Login success: driver@kimfresh.com as driver
[2026-09-23 06:35:56,350] WARNING in auth: Login failed: wrong password for retailer@kimfresh.com
[2026-09-23 06:35:56,420] WARNING in auth: Login failed: unknown email nobody@kimfresh.com
[2026-09-23 06:35:56,425] ERROR in app: Unhandled exception: 429 Too Many Requests: 5 per 15 minute
Traceback (most recent call last):
  File "/home/kyle/kimfresh/backend/venv/lib/python3.12/site-packages/flask/app.py", line 917, in full_dispatch_request
    rv = self.dispatch_request()
         ^^^^^^^^^^^^^^^^^^^^^^^
  File "/home/kyle/kimfresh/backend/venv/lib/python3.12/site-packages/flask/app.py", line 902, in dispatch_request
    return self.ensure_sync(self.view_functions[rule.endpoint])(**view_args)  # type: ignore[no-any-return]
           ^^^^^^^^^^^^^^^^^^^^^^^^^^^^^^^^^^^^^^^^^^^^^^^^^^^^^^^^^^^^^^^^^
  File "/home/kyle/kimfresh/backend/venv/lib/python3.12/site-packages/flask_limiter/_limits.py", line 324, in __inner
    self.limiter._check_request_limit(in_middleware=False, callable_name=name)
  File "/home/kyle/kimfresh/backend/venv/lib/python3.12/site-packages/flask_limiter/_extension.py", line 1156, in _check_request_limit
    raise e
  File "/home/kyle/kimfresh/backend/venv/lib/python3.12/site-packages/flask_limiter/_extension.py", line 1153, in _check_request_limit
    self.__evaluate_limits(endpoint, all_limits)
  File "/home/kyle/kimfresh/backend/venv/lib/python3.12/site-packages/flask_limiter/_extension.py", line 1137, in __evaluate_limits
    raise RateLimitExceeded(
flask_limiter.errors.RateLimitExceeded: 429 Too Many Requests: 5 per 15 minute
[2026-09-23 06:35:56,463] ERROR in app: Unhandled exception: 429 Too Many Requests: 5 per 15 minute
Traceback (most recent call last):
  File "/home/kyle/kimfresh/backend/venv/lib/python3.12/site-packages/flask/app.py", line 917, in full_dispatch_request
    rv = self.dispatch_request()
         ^^^^^^^^^^^^^^^^^^^^^^^
  File "/home/kyle/kimfresh/backend/venv/lib/python3.12/site-packages/flask/app.py", line 902, in dispatch_request
    return self.ensure_sync(self.view_functions[rule.endpoint])(**view_args)  # type: ignore[no-any-return]
           ^^^^^^^^^^^^^^^^^^^^^^^^^^^^^^^^^^^^^^^^^^^^^^^^^^^^^^^^^^^^^^^^^
  File "/home/kyle/kimfresh/backend/venv/lib/python3.12/site-packages/flask_limiter/_limits.py", line 324, in __inner
    self.limiter._check_request_limit(in_middleware=False, callable_name=name)
  File "/home/kyle/kimfresh/backend/venv/lib/python3.12/site-packages/flask_limiter/_extension.py", line 1156, in _check_request_limit
    raise e
  File "/home/kyle/kimfresh/backend/venv/lib/python3.12/site-packages/flask_limiter/_extension.py", line 1153, in _check_request_limit
    self.__evaluate_limits(endpoint, all_limits)
  File "/home/kyle/kimfresh/backend/venv/lib/python3.12/site-packages/flask_limiter/_extension.py", line 1137, in __evaluate_limits
    raise RateLimitExceeded(
flask_limiter.errors.RateLimitExceeded: 429 Too Many Requests: 5 per 15 minute
[2026-09-23 06:35:56,470] ERROR in app: Unhandled exception: 429 Too Many Requests: 5 per 15 minute
Traceback (most recent call last):
  File "/home/kyle/kimfresh/backend/venv/lib/python3.12/site-packages/flask/app.py", line 917, in full_dispatch_request
    rv = self.dispatch_request()
         ^^^^^^^^^^^^^^^^^^^^^^^
  File "/home/kyle/kimfresh/backend/venv/lib/python3.12/site-packages/flask/app.py", line 902, in dispatch_request
    return self.ensure_sync(self.view_functions[rule.endpoint])(**view_args)  # type: ignore[no-any-return]
           ^^^^^^^^^^^^^^^^^^^^^^^^^^^^^^^^^^^^^^^^^^^^^^^^^^^^^^^^^^^^^^^^^
  File "/home/kyle/kimfresh/backend/venv/lib/python3.12/site-packages/flask_limiter/_limits.py", line 324, in __inner
    self.limiter._check_request_limit(in_middleware=False, callable_name=name)
  File "/home/kyle/kimfresh/backend/venv/lib/python3.12/site-packages/flask_limiter/_extension.py", line 1156, in _check_request_limit
    raise e
  File "/home/kyle/kimfresh/backend/venv/lib/python3.12/site-packages/flask_limiter/_extension.py", line 1153, in _check_request_limit
    self.__evaluate_limits(endpoint, all_limits)
  File "/home/kyle/kimfresh/backend/venv/lib/python3.12/site-packages/flask_limiter/_extension.py", line 1137, in __evaluate_limits
    raise RateLimitExceeded(
flask_limiter.errors.RateLimitExceeded: 429 Too Many Requests: 5 per 15 minute
[2026-09-23 06:37:32,615] INFO in auth: Login success: admin@kimfresh.com as admin
[2026-09-23 06:37:32,802] INFO in auth: Login success: retailer@kimfresh.com as retailer
[2026-09-23 06:37:32,992] INFO in auth: Login success: driver@kimfresh.com as driver
[2026-09-23 06:37:33,164] WARNING in auth: Login failed: wrong password for retailer@kimfresh.com
[2026-09-23 06:37:33,233] WARNING in auth: Login failed: unknown email nobody@kimfresh.com
[2026-09-23 06:37:39,219] INFO in auth: Login success: admin@kimfresh.com as admin
[2026-09-23 06:37:39,396] INFO in auth: Login success: retailer@kimfresh.com as retailer
[2026-09-23 06:37:39,590] INFO in auth: Login success: driver@kimfresh.com as driver
[2026-09-23 06:37:39,764] WARNING in auth: Login failed: wrong password for retailer@kimfresh.com
[2026-09-23 06:37:39,837] WARNING in auth: Login failed: unknown email nobody@kimfresh.com
[2026-09-23 06:41:01,614] INFO in auth: Login success: admin@kimfresh.com as admin
[2026-09-23 06:41:01,798] INFO in auth: Login success: retailer@kimfresh.com as retailer
[2026-09-23 06:41:01,976] INFO in auth: Login success: driver@kimfresh.com as driver
[2026-09-23 06:41:02,170] WARNING in auth: Login failed: wrong password for retailer@kimfresh.com
[2026-09-23 06:41:02,237] WARNING in auth: Login failed: unknown email nobody@kimfresh.com
[2026-09-23 06:41:03,373] INFO in orders: Order #33 placed by retailer 1 total ₱175.00
[2026-09-23 06:41:03,506] INFO in orders: Order #34 placed by retailer 1 total ₱350.00
[2026-09-23 06:43:43,197] INFO in auth: Login success: admin@kimfresh.com as admin
[2026-09-23 06:43:43,375] INFO in auth: Login success: retailer@kimfresh.com as retailer
[2026-09-23 06:43:43,565] INFO in auth: Login success: driver@kimfresh.com as driver
[2026-09-23 06:43:43,744] WARNING in auth: Login failed: wrong password for retailer@kimfresh.com
[2026-09-23 06:43:43,814] WARNING in auth: Login failed: unknown email nobody@kimfresh.com
[2026-09-23 06:43:44,936] INFO in orders: Order #35 placed by retailer 1 total ₱175.00
[2026-09-23 06:43:45,073] INFO in orders: Order #36 placed by retailer 1 total ₱350.00
[2026-09-23 06:43:45,375] INFO in orders: Order #37 placed by retailer 1 total ₱175.00
[2026-09-23 06:52:41,485] INFO in auth: Login success: admin@kimfresh.com as admin
[2026-09-23 06:52:41,658] INFO in auth: Login success: retailer@kimfresh.com as retailer
[2026-09-23 06:52:41,834] INFO in auth: Login success: driver@kimfresh.com as driver
[2026-09-23 06:52:42,034] WARNING in auth: Login failed: wrong password for retailer@kimfresh.com
[2026-09-23 06:52:42,102] WARNING in auth: Login failed: unknown email nobody@kimfresh.com
[2026-09-23 06:52:43,213] INFO in orders: Order #38 placed by retailer 1 total ₱175.00
[2026-09-23 06:52:43,368] INFO in orders: Order #39 placed by retailer 1 total ₱350.00
[2026-09-23 06:52:43,661] INFO in orders: Order #40 placed by retailer 1 total ₱175.00
[2026-09-23 07:01:50,621] INFO in auth: Login success: admin@kimfresh.com as admin
[2026-09-23 07:01:57,822] INFO in auth: Login success: admin@kimfresh.com as admin
[2026-09-23 07:01:57,996] INFO in auth: Login success: retailer@kimfresh.com as retailer
[2026-09-23 07:01:58,169] INFO in auth: Login success: driver@kimfresh.com as driver
[2026-09-23 07:01:58,348] WARNING in auth: Login failed: wrong password for retailer@kimfresh.com
[2026-09-23 07:01:58,419] WARNING in auth: Login failed: unknown email nobody@kimfresh.com
[2026-09-23 07:01:59,499] INFO in orders: Order #41 placed by retailer 1 total ₱175.00
[2026-09-23 07:01:59,667] INFO in orders: Order #42 placed by retailer 1 total ₱350.00
[2026-09-23 07:01:59,962] INFO in orders: Order #43 placed by retailer 1 total ₱175.00
[2026-09-23 07:04:12,784] INFO in auth: Login success: admin@kimfresh.com as admin
[2026-09-23 07:04:12,961] INFO in auth: Login success: retailer@kimfresh.com as retailer
[2026-09-23 07:04:13,138] INFO in auth: Login success: driver@kimfresh.com as driver
[2026-09-23 07:04:13,312] WARNING in auth: Login failed: wrong password for retailer@kimfresh.com
[2026-09-23 07:04:13,383] WARNING in auth: Login failed: unknown email nobody@kimfresh.com
[2026-09-23 07:04:14,514] INFO in orders: Order #44 placed by retailer 1 total ₱175.00
[2026-09-23 07:04:14,654] INFO in orders: Order #45 placed by retailer 1 total ₱350.00
[2026-09-23 07:04:14,973] INFO in orders: Order #46 placed by retailer 1 total ₱175.00
[2026-09-23 08:16:06,395] ERROR in app: Unhandled exception: 404 Not Found: The requested URL was not found on the server. If you entered the URL manually please check your spelling and try again.
Traceback (most recent call last):
  File "/home/kyle/kimfresh/backend/venv/lib/python3.12/site-packages/flask/app.py", line 917, in full_dispatch_request
    rv = self.dispatch_request()
         ^^^^^^^^^^^^^^^^^^^^^^^
  File "/home/kyle/kimfresh/backend/venv/lib/python3.12/site-packages/flask/app.py", line 891, in dispatch_request
    self.raise_routing_exception(req)
  File "/home/kyle/kimfresh/backend/venv/lib/python3.12/site-packages/flask/app.py", line 500, in raise_routing_exception
    raise request.routing_exception  # type: ignore[misc]
    ^^^^^^^^^^^^^^^^^^^^^^^^^^^^^^^
  File "/home/kyle/kimfresh/backend/venv/lib/python3.12/site-packages/flask/ctx.py", line 362, in match_request
    result = self.url_adapter.match(return_rule=True)  # type: ignore
             ^^^^^^^^^^^^^^^^^^^^^^^^^^^^^^^^^^^^^^^^
  File "/home/kyle/kimfresh/backend/venv/lib/python3.12/site-packages/werkzeug/routing/map.py", line 629, in match
    raise NotFound() from None
werkzeug.exceptions.NotFound: 404 Not Found: The requested URL was not found on the server. If you entered the URL manually please check your spelling and try again.
[2026-09-23 08:16:18,572] ERROR in app: Unhandled exception: 404 Not Found: The requested URL was not found on the server. If you entered the URL manually please check your spelling and try again.
Traceback (most recent call last):
  File "/home/kyle/kimfresh/backend/venv/lib/python3.12/site-packages/flask/app.py", line 917, in full_dispatch_request
    rv = self.dispatch_request()
         ^^^^^^^^^^^^^^^^^^^^^^^
  File "/home/kyle/kimfresh/backend/venv/lib/python3.12/site-packages/flask/app.py", line 891, in dispatch_request
    self.raise_routing_exception(req)
  File "/home/kyle/kimfresh/backend/venv/lib/python3.12/site-packages/flask/app.py", line 500, in raise_routing_exception
    raise request.routing_exception  # type: ignore[misc]
    ^^^^^^^^^^^^^^^^^^^^^^^^^^^^^^^
  File "/home/kyle/kimfresh/backend/venv/lib/python3.12/site-packages/flask/ctx.py", line 362, in match_request
    result = self.url_adapter.match(return_rule=True)  # type: ignore
             ^^^^^^^^^^^^^^^^^^^^^^^^^^^^^^^^^^^^^^^^
  File "/home/kyle/kimfresh/backend/venv/lib/python3.12/site-packages/werkzeug/routing/map.py", line 629, in match
    raise NotFound() from None
werkzeug.exceptions.NotFound: 404 Not Found: The requested URL was not found on the server. If you entered the URL manually please check your spelling and try again.
[2026-09-23 08:16:18,943] ERROR in app: Unhandled exception: 404 Not Found: The requested URL was not found on the server. If you entered the URL manually please check your spelling and try again.
Traceback (most recent call last):
  File "/home/kyle/kimfresh/backend/venv/lib/python3.12/site-packages/flask/app.py", line 917, in full_dispatch_request
    rv = self.dispatch_request()
         ^^^^^^^^^^^^^^^^^^^^^^^
  File "/home/kyle/kimfresh/backend/venv/lib/python3.12/site-packages/flask/app.py", line 891, in dispatch_request
    self.raise_routing_exception(req)
  File "/home/kyle/kimfresh/backend/venv/lib/python3.12/site-packages/flask/app.py", line 500, in raise_routing_exception
    raise request.routing_exception  # type: ignore[misc]
    ^^^^^^^^^^^^^^^^^^^^^^^^^^^^^^^
  File "/home/kyle/kimfresh/backend/venv/lib/python3.12/site-packages/flask/ctx.py", line 362, in match_request
    result = self.url_adapter.match(return_rule=True)  # type: ignore
             ^^^^^^^^^^^^^^^^^^^^^^^^^^^^^^^^^^^^^^^^
  File "/home/kyle/kimfresh/backend/venv/lib/python3.12/site-packages/werkzeug/routing/map.py", line 629, in match
    raise NotFound() from None
werkzeug.exceptions.NotFound: 404 Not Found: The requested URL was not found on the server. If you entered the URL manually please check your spelling and try again.
[2026-09-23 08:18:33,857] ERROR in app: Unhandled exception: 404 Not Found: The requested URL was not found on the server. If you entered the URL manually please check your spelling and try again.
Traceback (most recent call last):
  File "/home/kyle/kimfresh/backend/venv/lib/python3.12/site-packages/flask/app.py", line 917, in full_dispatch_request
    rv = self.dispatch_request()
         ^^^^^^^^^^^^^^^^^^^^^^^
  File "/home/kyle/kimfresh/backend/venv/lib/python3.12/site-packages/flask/app.py", line 891, in dispatch_request
    self.raise_routing_exception(req)
  File "/home/kyle/kimfresh/backend/venv/lib/python3.12/site-packages/flask/app.py", line 500, in raise_routing_exception
    raise request.routing_exception  # type: ignore[misc]
    ^^^^^^^^^^^^^^^^^^^^^^^^^^^^^^^
  File "/home/kyle/kimfresh/backend/venv/lib/python3.12/site-packages/flask/ctx.py", line 362, in match_request
    result = self.url_adapter.match(return_rule=True)  # type: ignore
             ^^^^^^^^^^^^^^^^^^^^^^^^^^^^^^^^^^^^^^^^
  File "/home/kyle/kimfresh/backend/venv/lib/python3.12/site-packages/werkzeug/routing/map.py", line 629, in match
    raise NotFound() from None
werkzeug.exceptions.NotFound: 404 Not Found: The requested URL was not found on the server. If you entered the URL manually please check your spelling and try again.
[2026-09-23 08:18:49,945] INFO in auth: Login success: admin@kimfresh.com as admin
[2026-09-23 08:18:50,935] ERROR in app: Unhandled exception: 404 Not Found: The requested URL was not found on the server. If you entered the URL manually please check your spelling and try again.
Traceback (most recent call last):
  File "/home/kyle/kimfresh/backend/venv/lib/python3.12/site-packages/flask/app.py", line 917, in full_dispatch_request
    rv = self.dispatch_request()
         ^^^^^^^^^^^^^^^^^^^^^^^
  File "/home/kyle/kimfresh/backend/venv/lib/python3.12/site-packages/flask/app.py", line 891, in dispatch_request
    self.raise_routing_exception(req)
  File "/home/kyle/kimfresh/backend/venv/lib/python3.12/site-packages/flask/app.py", line 500, in raise_routing_exception
    raise request.routing_exception  # type: ignore[misc]
    ^^^^^^^^^^^^^^^^^^^^^^^^^^^^^^^
  File "/home/kyle/kimfresh/backend/venv/lib/python3.12/site-packages/flask/ctx.py", line 362, in match_request
    result = self.url_adapter.match(return_rule=True)  # type: ignore
             ^^^^^^^^^^^^^^^^^^^^^^^^^^^^^^^^^^^^^^^^
  File "/home/kyle/kimfresh/backend/venv/lib/python3.12/site-packages/werkzeug/routing/map.py", line 629, in match
    raise NotFound() from None
werkzeug.exceptions.NotFound: 404 Not Found: The requested URL was not found on the server. If you entered the URL manually please check your spelling and try again.
[2026-09-23 08:24:24,433] ERROR in app: Unhandled exception: 405 Method Not Allowed: The method is not allowed for the requested URL.
Traceback (most recent call last):
  File "/home/kyle/kimfresh/backend/venv/lib/python3.12/site-packages/flask/app.py", line 917, in full_dispatch_request
    rv = self.dispatch_request()
         ^^^^^^^^^^^^^^^^^^^^^^^
  File "/home/kyle/kimfresh/backend/venv/lib/python3.12/site-packages/flask/app.py", line 891, in dispatch_request
    self.raise_routing_exception(req)
  File "/home/kyle/kimfresh/backend/venv/lib/python3.12/site-packages/flask/app.py", line 500, in raise_routing_exception
    raise request.routing_exception  # type: ignore[misc]
    ^^^^^^^^^^^^^^^^^^^^^^^^^^^^^^^
  File "/home/kyle/kimfresh/backend/venv/lib/python3.12/site-packages/flask/ctx.py", line 362, in match_request
    result = self.url_adapter.match(return_rule=True)  # type: ignore
             ^^^^^^^^^^^^^^^^^^^^^^^^^^^^^^^^^^^^^^^^
  File "/home/kyle/kimfresh/backend/venv/lib/python3.12/site-packages/werkzeug/routing/map.py", line 624, in match
    raise MethodNotAllowed(valid_methods=list(e.have_match_for)) from None
werkzeug.exceptions.MethodNotAllowed: 405 Method Not Allowed: The method is not allowed for the requested URL.
[2026-09-23 08:31:45,188] ERROR in app: Unhandled exception: 404 Not Found: The requested URL was not found on the server. If you entered the URL manually please check your spelling and try again.
Traceback (most recent call last):
  File "/home/kyle/kimfresh/backend/venv/lib/python3.12/site-packages/flask/app.py", line 917, in full_dispatch_request
    rv = self.dispatch_request()
         ^^^^^^^^^^^^^^^^^^^^^^^
  File "/home/kyle/kimfresh/backend/venv/lib/python3.12/site-packages/flask/app.py", line 891, in dispatch_request
    self.raise_routing_exception(req)
  File "/home/kyle/kimfresh/backend/venv/lib/python3.12/site-packages/flask/app.py", line 500, in raise_routing_exception
    raise request.routing_exception  # type: ignore[misc]
    ^^^^^^^^^^^^^^^^^^^^^^^^^^^^^^^
  File "/home/kyle/kimfresh/backend/venv/lib/python3.12/site-packages/flask/ctx.py", line 362, in match_request
    result = self.url_adapter.match(return_rule=True)  # type: ignore
             ^^^^^^^^^^^^^^^^^^^^^^^^^^^^^^^^^^^^^^^^
  File "/home/kyle/kimfresh/backend/venv/lib/python3.12/site-packages/werkzeug/routing/map.py", line 629, in match
    raise NotFound() from None
werkzeug.exceptions.NotFound: 404 Not Found: The requested URL was not found on the server. If you entered the URL manually please check your spelling and try again.
[2026-09-23 08:32:05,475] ERROR in app: Unhandled exception: 404 Not Found: The requested URL was not found on the server. If you entered the URL manually please check your spelling and try again.
Traceback (most recent call last):
  File "/home/kyle/kimfresh/backend/venv/lib/python3.12/site-packages/flask/app.py", line 917, in full_dispatch_request
    rv = self.dispatch_request()
         ^^^^^^^^^^^^^^^^^^^^^^^
  File "/home/kyle/kimfresh/backend/venv/lib/python3.12/site-packages/flask/app.py", line 891, in dispatch_request
    self.raise_routing_exception(req)
  File "/home/kyle/kimfresh/backend/venv/lib/python3.12/site-packages/flask/app.py", line 500, in raise_routing_exception
    raise request.routing_exception  # type: ignore[misc]
    ^^^^^^^^^^^^^^^^^^^^^^^^^^^^^^^
  File "/home/kyle/kimfresh/backend/venv/lib/python3.12/site-packages/flask/ctx.py", line 362, in match_request
    result = self.url_adapter.match(return_rule=True)  # type: ignore
             ^^^^^^^^^^^^^^^^^^^^^^^^^^^^^^^^^^^^^^^^
  File "/home/kyle/kimfresh/backend/venv/lib/python3.12/site-packages/werkzeug/routing/map.py", line 629, in match
    raise NotFound() from None
werkzeug.exceptions.NotFound: 404 Not Found: The requested URL was not found on the server. If you entered the URL manually please check your spelling and try again.
[2026-09-23 08:32:08,594] ERROR in app: Unhandled exception: 404 Not Found: The requested URL was not found on the server. If you entered the URL manually please check your spelling and try again.
Traceback (most recent call last):
  File "/home/kyle/kimfresh/backend/venv/lib/python3.12/site-packages/flask/app.py", line 917, in full_dispatch_request
    rv = self.dispatch_request()
         ^^^^^^^^^^^^^^^^^^^^^^^
  File "/home/kyle/kimfresh/backend/venv/lib/python3.12/site-packages/flask/app.py", line 891, in dispatch_request
    self.raise_routing_exception(req)
  File "/home/kyle/kimfresh/backend/venv/lib/python3.12/site-packages/flask/app.py", line 500, in raise_routing_exception
    raise request.routing_exception  # type: ignore[misc]
    ^^^^^^^^^^^^^^^^^^^^^^^^^^^^^^^
  File "/home/kyle/kimfresh/backend/venv/lib/python3.12/site-packages/flask/ctx.py", line 362, in match_request
    result = self.url_adapter.match(return_rule=True)  # type: ignore
             ^^^^^^^^^^^^^^^^^^^^^^^^^^^^^^^^^^^^^^^^
  File "/home/kyle/kimfresh/backend/venv/lib/python3.12/site-packages/werkzeug/routing/map.py", line 629, in match
    raise NotFound() from None
werkzeug.exceptions.NotFound: 404 Not Found: The requested URL was not found on the server. If you entered the URL manually please check your spelling and try again.
[2026-09-23 08:32:53,986] ERROR in app: Unhandled exception: 404 Not Found: The requested URL was not found on the server. If you entered the URL manually please check your spelling and try again.
Traceback (most recent call last):
  File "/home/kyle/kimfresh/backend/venv/lib/python3.12/site-packages/flask/app.py", line 917, in full_dispatch_request
    rv = self.dispatch_request()
         ^^^^^^^^^^^^^^^^^^^^^^^
  File "/home/kyle/kimfresh/backend/venv/lib/python3.12/site-packages/flask/app.py", line 891, in dispatch_request
    self.raise_routing_exception(req)
  File "/home/kyle/kimfresh/backend/venv/lib/python3.12/site-packages/flask/app.py", line 500, in raise_routing_exception
    raise request.routing_exception  # type: ignore[misc]
    ^^^^^^^^^^^^^^^^^^^^^^^^^^^^^^^
  File "/home/kyle/kimfresh/backend/venv/lib/python3.12/site-packages/flask/ctx.py", line 362, in match_request
    result = self.url_adapter.match(return_rule=True)  # type: ignore
             ^^^^^^^^^^^^^^^^^^^^^^^^^^^^^^^^^^^^^^^^
  File "/home/kyle/kimfresh/backend/venv/lib/python3.12/site-packages/werkzeug/routing/map.py", line 629, in match
    raise NotFound() from None
werkzeug.exceptions.NotFound: 404 Not Found: The requested URL was not found on the server. If you entered the URL manually please check your spelling and try again.
[2026-09-23 08:32:58,893] ERROR in app: Unhandled exception: 404 Not Found: The requested URL was not found on the server. If you entered the URL manually please check your spelling and try again.
Traceback (most recent call last):
  File "/home/kyle/kimfresh/backend/venv/lib/python3.12/site-packages/flask/app.py", line 917, in full_dispatch_request
    rv = self.dispatch_request()
         ^^^^^^^^^^^^^^^^^^^^^^^
  File "/home/kyle/kimfresh/backend/venv/lib/python3.12/site-packages/flask/app.py", line 891, in dispatch_request
    self.raise_routing_exception(req)
  File "/home/kyle/kimfresh/backend/venv/lib/python3.12/site-packages/flask/app.py", line 500, in raise_routing_exception
    raise request.routing_exception  # type: ignore[misc]
    ^^^^^^^^^^^^^^^^^^^^^^^^^^^^^^^
  File "/home/kyle/kimfresh/backend/venv/lib/python3.12/site-packages/flask/ctx.py", line 362, in match_request
    result = self.url_adapter.match(return_rule=True)  # type: ignore
             ^^^^^^^^^^^^^^^^^^^^^^^^^^^^^^^^^^^^^^^^
  File "/home/kyle/kimfresh/backend/venv/lib/python3.12/site-packages/werkzeug/routing/map.py", line 629, in match
    raise NotFound() from None
werkzeug.exceptions.NotFound: 404 Not Found: The requested URL was not found on the server. If you entered the URL manually please check your spelling and try again.
[2026-09-23 08:33:00,766] ERROR in app: Unhandled exception: 404 Not Found: The requested URL was not found on the server. If you entered the URL manually please check your spelling and try again.
Traceback (most recent call last):
  File "/home/kyle/kimfresh/backend/venv/lib/python3.12/site-packages/flask/app.py", line 917, in full_dispatch_request
    rv = self.dispatch_request()
         ^^^^^^^^^^^^^^^^^^^^^^^
  File "/home/kyle/kimfresh/backend/venv/lib/python3.12/site-packages/flask/app.py", line 891, in dispatch_request
    self.raise_routing_exception(req)
  File "/home/kyle/kimfresh/backend/venv/lib/python3.12/site-packages/flask/app.py", line 500, in raise_routing_exception
    raise request.routing_exception  # type: ignore[misc]
    ^^^^^^^^^^^^^^^^^^^^^^^^^^^^^^^
  File "/home/kyle/kimfresh/backend/venv/lib/python3.12/site-packages/flask/ctx.py", line 362, in match_request
    result = self.url_adapter.match(return_rule=True)  # type: ignore
             ^^^^^^^^^^^^^^^^^^^^^^^^^^^^^^^^^^^^^^^^
  File "/home/kyle/kimfresh/backend/venv/lib/python3.12/site-packages/werkzeug/routing/map.py", line 629, in match
    raise NotFound() from None
werkzeug.exceptions.NotFound: 404 Not Found: The requested URL was not found on the server. If you entered the URL manually please check your spelling and try again.
[2026-09-23 08:33:28,501] ERROR in app: Unhandled exception: 404 Not Found: The requested URL was not found on the server. If you entered the URL manually please check your spelling and try again.
Traceback (most recent call last):
  File "/home/kyle/kimfresh/backend/venv/lib/python3.12/site-packages/flask/app.py", line 917, in full_dispatch_request
    rv = self.dispatch_request()
         ^^^^^^^^^^^^^^^^^^^^^^^
  File "/home/kyle/kimfresh/backend/venv/lib/python3.12/site-packages/flask/app.py", line 891, in dispatch_request
    self.raise_routing_exception(req)
  File "/home/kyle/kimfresh/backend/venv/lib/python3.12/site-packages/flask/app.py", line 500, in raise_routing_exception
    raise request.routing_exception  # type: ignore[misc]
    ^^^^^^^^^^^^^^^^^^^^^^^^^^^^^^^
  File "/home/kyle/kimfresh/backend/venv/lib/python3.12/site-packages/flask/ctx.py", line 362, in match_request
    result = self.url_adapter.match(return_rule=True)  # type: ignore
             ^^^^^^^^^^^^^^^^^^^^^^^^^^^^^^^^^^^^^^^^
  File "/home/kyle/kimfresh/backend/venv/lib/python3.12/site-packages/werkzeug/routing/map.py", line 629, in match
    raise NotFound() from None
werkzeug.exceptions.NotFound: 404 Not Found: The requested URL was not found on the server. If you entered the URL manually please check your spelling and try again.
[2026-09-23 08:34:26,071] ERROR in app: Unhandled exception: 404 Not Found: The requested URL was not found on the server. If you entered the URL manually please check your spelling and try again.
Traceback (most recent call last):
  File "/home/kyle/kimfresh/backend/venv/lib/python3.12/site-packages/flask/app.py", line 917, in full_dispatch_request
    rv = self.dispatch_request()
         ^^^^^^^^^^^^^^^^^^^^^^^
  File "/home/kyle/kimfresh/backend/venv/lib/python3.12/site-packages/flask/app.py", line 891, in dispatch_request
    self.raise_routing_exception(req)
  File "/home/kyle/kimfresh/backend/venv/lib/python3.12/site-packages/flask/app.py", line 500, in raise_routing_exception
    raise request.routing_exception  # type: ignore[misc]
    ^^^^^^^^^^^^^^^^^^^^^^^^^^^^^^^
  File "/home/kyle/kimfresh/backend/venv/lib/python3.12/site-packages/flask/ctx.py", line 362, in match_request
    result = self.url_adapter.match(return_rule=True)  # type: ignore
             ^^^^^^^^^^^^^^^^^^^^^^^^^^^^^^^^^^^^^^^^
  File "/home/kyle/kimfresh/backend/venv/lib/python3.12/site-packages/werkzeug/routing/map.py", line 629, in match
    raise NotFound() from None
werkzeug.exceptions.NotFound: 404 Not Found: The requested URL was not found on the server. If you entered the URL manually please check your spelling and try again.
[2026-09-23 08:34:27,883] ERROR in app: Unhandled exception: 404 Not Found: The requested URL was not found on the server. If you entered the URL manually please check your spelling and try again.
Traceback (most recent call last):
  File "/home/kyle/kimfresh/backend/venv/lib/python3.12/site-packages/flask/app.py", line 917, in full_dispatch_request
    rv = self.dispatch_request()
         ^^^^^^^^^^^^^^^^^^^^^^^
  File "/home/kyle/kimfresh/backend/venv/lib/python3.12/site-packages/flask/app.py", line 891, in dispatch_request
    self.raise_routing_exception(req)
  File "/home/kyle/kimfresh/backend/venv/lib/python3.12/site-packages/flask/app.py", line 500, in raise_routing_exception
    raise request.routing_exception  # type: ignore[misc]
    ^^^^^^^^^^^^^^^^^^^^^^^^^^^^^^^
  File "/home/kyle/kimfresh/backend/venv/lib/python3.12/site-packages/flask/ctx.py", line 362, in match_request
    result = self.url_adapter.match(return_rule=True)  # type: ignore
             ^^^^^^^^^^^^^^^^^^^^^^^^^^^^^^^^^^^^^^^^
  File "/home/kyle/kimfresh/backend/venv/lib/python3.12/site-packages/werkzeug/routing/map.py", line 629, in match
    raise NotFound() from None
werkzeug.exceptions.NotFound: 404 Not Found: The requested URL was not found on the server. If you entered the URL manually please check your spelling and try again.
[2026-09-23 08:36:23,407] INFO in auth: Login success: driver@kimfresh.com as driver
[2026-09-23 08:50:09,098] INFO in auth: Login success: retailer@kimfresh.com as retailer
[2026-09-23 08:53:08,324] ERROR in app: Unhandled exception: 404 Not Found: The requested URL was not found on the server. If you entered the URL manually please check your spelling and try again.
Traceback (most recent call last):
  File "/home/kyle/kimfresh/backend/venv/lib/python3.12/site-packages/flask/app.py", line 917, in full_dispatch_request
    rv = self.dispatch_request()
         ^^^^^^^^^^^^^^^^^^^^^^^
  File "/home/kyle/kimfresh/backend/venv/lib/python3.12/site-packages/flask/app.py", line 891, in dispatch_request
    self.raise_routing_exception(req)
  File "/home/kyle/kimfresh/backend/venv/lib/python3.12/site-packages/flask/app.py", line 500, in raise_routing_exception
    raise request.routing_exception  # type: ignore[misc]
    ^^^^^^^^^^^^^^^^^^^^^^^^^^^^^^^
  File "/home/kyle/kimfresh/backend/venv/lib/python3.12/site-packages/flask/ctx.py", line 362, in match_request
    result = self.url_adapter.match(return_rule=True)  # type: ignore
             ^^^^^^^^^^^^^^^^^^^^^^^^^^^^^^^^^^^^^^^^
  File "/home/kyle/kimfresh/backend/venv/lib/python3.12/site-packages/werkzeug/routing/map.py", line 629, in match
    raise NotFound() from None
werkzeug.exceptions.NotFound: 404 Not Found: The requested URL was not found on the server. If you entered the URL manually please check your spelling and try again.
[2026-09-23 08:54:07,820] ERROR in app: Unhandled exception: 404 Not Found: The requested URL was not found on the server. If you entered the URL manually please check your spelling and try again.
Traceback (most recent call last):
  File "/home/kyle/kimfresh/backend/venv/lib/python3.12/site-packages/flask/app.py", line 917, in full_dispatch_request
    rv = self.dispatch_request()
         ^^^^^^^^^^^^^^^^^^^^^^^
  File "/home/kyle/kimfresh/backend/venv/lib/python3.12/site-packages/flask/app.py", line 891, in dispatch_request
    self.raise_routing_exception(req)
  File "/home/kyle/kimfresh/backend/venv/lib/python3.12/site-packages/flask/app.py", line 500, in raise_routing_exception
    raise request.routing_exception  # type: ignore[misc]
    ^^^^^^^^^^^^^^^^^^^^^^^^^^^^^^^
  File "/home/kyle/kimfresh/backend/venv/lib/python3.12/site-packages/flask/ctx.py", line 362, in match_request
    result = self.url_adapter.match(return_rule=True)  # type: ignore
             ^^^^^^^^^^^^^^^^^^^^^^^^^^^^^^^^^^^^^^^^
  File "/home/kyle/kimfresh/backend/venv/lib/python3.12/site-packages/werkzeug/routing/map.py", line 629, in match
    raise NotFound() from None
werkzeug.exceptions.NotFound: 404 Not Found: The requested URL was not found on the server. If you entered the URL manually please check your spelling and try again.
[2026-09-23 08:55:43,153] ERROR in app: Unhandled exception: 404 Not Found: The requested URL was not found on the server. If you entered the URL manually please check your spelling and try again.
Traceback (most recent call last):
  File "/home/kyle/kimfresh/backend/venv/lib/python3.12/site-packages/flask/app.py", line 917, in full_dispatch_request
    rv = self.dispatch_request()
         ^^^^^^^^^^^^^^^^^^^^^^^
  File "/home/kyle/kimfresh/backend/venv/lib/python3.12/site-packages/flask/app.py", line 891, in dispatch_request
    self.raise_routing_exception(req)
  File "/home/kyle/kimfresh/backend/venv/lib/python3.12/site-packages/flask/app.py", line 500, in raise_routing_exception
    raise request.routing_exception  # type: ignore[misc]
    ^^^^^^^^^^^^^^^^^^^^^^^^^^^^^^^
  File "/home/kyle/kimfresh/backend/venv/lib/python3.12/site-packages/flask/ctx.py", line 362, in match_request
    result = self.url_adapter.match(return_rule=True)  # type: ignore
             ^^^^^^^^^^^^^^^^^^^^^^^^^^^^^^^^^^^^^^^^
  File "/home/kyle/kimfresh/backend/venv/lib/python3.12/site-packages/werkzeug/routing/map.py", line 629, in match
    raise NotFound() from None
werkzeug.exceptions.NotFound: 404 Not Found: The requested URL was not found on the server. If you entered the URL manually please check your spelling and try again.
[2026-09-23 08:55:44,507] ERROR in app: Unhandled exception: 404 Not Found: The requested URL was not found on the server. If you entered the URL manually please check your spelling and try again.
Traceback (most recent call last):
  File "/home/kyle/kimfresh/backend/venv/lib/python3.12/site-packages/flask/app.py", line 917, in full_dispatch_request
    rv = self.dispatch_request()
         ^^^^^^^^^^^^^^^^^^^^^^^
  File "/home/kyle/kimfresh/backend/venv/lib/python3.12/site-packages/flask/app.py", line 891, in dispatch_request
    self.raise_routing_exception(req)
  File "/home/kyle/kimfresh/backend/venv/lib/python3.12/site-packages/flask/app.py", line 500, in raise_routing_exception
    raise request.routing_exception  # type: ignore[misc]
    ^^^^^^^^^^^^^^^^^^^^^^^^^^^^^^^
  File "/home/kyle/kimfresh/backend/venv/lib/python3.12/site-packages/flask/ctx.py", line 362, in match_request
    result = self.url_adapter.match(return_rule=True)  # type: ignore
             ^^^^^^^^^^^^^^^^^^^^^^^^^^^^^^^^^^^^^^^^
  File "/home/kyle/kimfresh/backend/venv/lib/python3.12/site-packages/werkzeug/routing/map.py", line 629, in match
    raise NotFound() from None
werkzeug.exceptions.NotFound: 404 Not Found: The requested URL was not found on the server. If you entered the URL manually please check your spelling and try again.
[2026-09-23 09:16:51,616] ERROR in app: Unhandled exception: 404 Not Found: The requested URL was not found on the server. If you entered the URL manually please check your spelling and try again.
Traceback (most recent call last):
  File "/home/kyle/kimfresh/backend/venv/lib/python3.12/site-packages/flask/app.py", line 917, in full_dispatch_request
    rv = self.dispatch_request()
         ^^^^^^^^^^^^^^^^^^^^^^^
  File "/home/kyle/kimfresh/backend/venv/lib/python3.12/site-packages/flask/app.py", line 891, in dispatch_request
    self.raise_routing_exception(req)
  File "/home/kyle/kimfresh/backend/venv/lib/python3.12/site-packages/flask/app.py", line 500, in raise_routing_exception
    raise request.routing_exception  # type: ignore[misc]
    ^^^^^^^^^^^^^^^^^^^^^^^^^^^^^^^
  File "/home/kyle/kimfresh/backend/venv/lib/python3.12/site-packages/flask/ctx.py", line 362, in match_request
    result = self.url_adapter.match(return_rule=True)  # type: ignore
             ^^^^^^^^^^^^^^^^^^^^^^^^^^^^^^^^^^^^^^^^
  File "/home/kyle/kimfresh/backend/venv/lib/python3.12/site-packages/werkzeug/routing/map.py", line 629, in match
    raise NotFound() from None
werkzeug.exceptions.NotFound: 404 Not Found: The requested URL was not found on the server. If you entered the URL manually please check your spelling and try again.
[2026-09-23 12:08:50,514] ERROR in app: Unhandled exception: 404 Not Found: The requested URL was not found on the server. If you entered the URL manually please check your spelling and try again.
Traceback (most recent call last):
  File "/home/kyle/kimfresh/backend/venv/lib/python3.12/site-packages/flask/app.py", line 917, in full_dispatch_request
    rv = self.dispatch_request()
         ^^^^^^^^^^^^^^^^^^^^^^^
  File "/home/kyle/kimfresh/backend/venv/lib/python3.12/site-packages/flask/app.py", line 891, in dispatch_request
    self.raise_routing_exception(req)
  File "/home/kyle/kimfresh/backend/venv/lib/python3.12/site-packages/flask/app.py", line 500, in raise_routing_exception
    raise request.routing_exception  # type: ignore[misc]
    ^^^^^^^^^^^^^^^^^^^^^^^^^^^^^^^
  File "/home/kyle/kimfresh/backend/venv/lib/python3.12/site-packages/flask/ctx.py", line 362, in match_request
    result = self.url_adapter.match(return_rule=True)  # type: ignore
             ^^^^^^^^^^^^^^^^^^^^^^^^^^^^^^^^^^^^^^^^
  File "/home/kyle/kimfresh/backend/venv/lib/python3.12/site-packages/werkzeug/routing/map.py", line 629, in match
    raise NotFound() from None
werkzeug.exceptions.NotFound: 404 Not Found: The requested URL was not found on the server. If you entered the URL manually please check your spelling and try again.
[2026-09-24 06:02:42,724] ERROR in app: Unhandled exception: 404 Not Found: The requested URL was not found on the server. If you entered the URL manually please check your spelling and try again.
Traceback (most recent call last):
  File "/home/kyle/kimfresh/backend/venv/lib/python3.12/site-packages/flask/app.py", line 917, in full_dispatch_request
    rv = self.dispatch_request()
         ^^^^^^^^^^^^^^^^^^^^^^^
  File "/home/kyle/kimfresh/backend/venv/lib/python3.12/site-packages/flask/app.py", line 891, in dispatch_request
    self.raise_routing_exception(req)
  File "/home/kyle/kimfresh/backend/venv/lib/python3.12/site-packages/flask/app.py", line 500, in raise_routing_exception
    raise request.routing_exception  # type: ignore[misc]
    ^^^^^^^^^^^^^^^^^^^^^^^^^^^^^^^
  File "/home/kyle/kimfresh/backend/venv/lib/python3.12/site-packages/flask/ctx.py", line 362, in match_request
    result = self.url_adapter.match(return_rule=True)  # type: ignore
             ^^^^^^^^^^^^^^^^^^^^^^^^^^^^^^^^^^^^^^^^
  File "/home/kyle/kimfresh/backend/venv/lib/python3.12/site-packages/werkzeug/routing/map.py", line 629, in match
    raise NotFound() from None
werkzeug.exceptions.NotFound: 404 Not Found: The requested URL was not found on the server. If you entered the URL manually please check your spelling and try again.
[2026-09-24 06:02:50,542] ERROR in app: Unhandled exception: 405 Method Not Allowed: The method is not allowed for the requested URL.
Traceback (most recent call last):
  File "/home/kyle/kimfresh/backend/venv/lib/python3.12/site-packages/flask/app.py", line 917, in full_dispatch_request
    rv = self.dispatch_request()
         ^^^^^^^^^^^^^^^^^^^^^^^
  File "/home/kyle/kimfresh/backend/venv/lib/python3.12/site-packages/flask/app.py", line 891, in dispatch_request
    self.raise_routing_exception(req)
  File "/home/kyle/kimfresh/backend/venv/lib/python3.12/site-packages/flask/app.py", line 500, in raise_routing_exception
    raise request.routing_exception  # type: ignore[misc]
    ^^^^^^^^^^^^^^^^^^^^^^^^^^^^^^^
  File "/home/kyle/kimfresh/backend/venv/lib/python3.12/site-packages/flask/ctx.py", line 362, in match_request
    result = self.url_adapter.match(return_rule=True)  # type: ignore
             ^^^^^^^^^^^^^^^^^^^^^^^^^^^^^^^^^^^^^^^^
  File "/home/kyle/kimfresh/backend/venv/lib/python3.12/site-packages/werkzeug/routing/map.py", line 624, in match
    raise MethodNotAllowed(valid_methods=list(e.have_match_for)) from None
werkzeug.exceptions.MethodNotAllowed: 405 Method Not Allowed: The method is not allowed for the requested URL.
[2026-09-24 06:02:50,970] ERROR in app: Unhandled exception: 404 Not Found: The requested URL was not found on the server. If you entered the URL manually please check your spelling and try again.
Traceback (most recent call last):
  File "/home/kyle/kimfresh/backend/venv/lib/python3.12/site-packages/flask/app.py", line 917, in full_dispatch_request
    rv = self.dispatch_request()
         ^^^^^^^^^^^^^^^^^^^^^^^
  File "/home/kyle/kimfresh/backend/venv/lib/python3.12/site-packages/flask/app.py", line 891, in dispatch_request
    self.raise_routing_exception(req)
  File "/home/kyle/kimfresh/backend/venv/lib/python3.12/site-packages/flask/app.py", line 500, in raise_routing_exception
    raise request.routing_exception  # type: ignore[misc]
    ^^^^^^^^^^^^^^^^^^^^^^^^^^^^^^^
  File "/home/kyle/kimfresh/backend/venv/lib/python3.12/site-packages/flask/ctx.py", line 362, in match_request
    result = self.url_adapter.match(return_rule=True)  # type: ignore
             ^^^^^^^^^^^^^^^^^^^^^^^^^^^^^^^^^^^^^^^^
  File "/home/kyle/kimfresh/backend/venv/lib/python3.12/site-packages/werkzeug/routing/map.py", line 629, in match
    raise NotFound() from None
werkzeug.exceptions.NotFound: 404 Not Found: The requested URL was not found on the server. If you entered the URL manually please check your spelling and try again.
[2026-09-24 06:03:23,276] ERROR in app: Unhandled exception: 404 Not Found: The requested URL was not found on the server. If you entered the URL manually please check your spelling and try again.
Traceback (most recent call last):
  File "/home/kyle/kimfresh/backend/venv/lib/python3.12/site-packages/flask/app.py", line 917, in full_dispatch_request
    rv = self.dispatch_request()
         ^^^^^^^^^^^^^^^^^^^^^^^
  File "/home/kyle/kimfresh/backend/venv/lib/python3.12/site-packages/flask/app.py", line 891, in dispatch_request
    self.raise_routing_exception(req)
  File "/home/kyle/kimfresh/backend/venv/lib/python3.12/site-packages/flask/app.py", line 500, in raise_routing_exception
    raise request.routing_exception  # type: ignore[misc]
    ^^^^^^^^^^^^^^^^^^^^^^^^^^^^^^^
  File "/home/kyle/kimfresh/backend/venv/lib/python3.12/site-packages/flask/ctx.py", line 362, in match_request
    result = self.url_adapter.match(return_rule=True)  # type: ignore
             ^^^^^^^^^^^^^^^^^^^^^^^^^^^^^^^^^^^^^^^^
  File "/home/kyle/kimfresh/backend/venv/lib/python3.12/site-packages/werkzeug/routing/map.py", line 629, in match
    raise NotFound() from None
werkzeug.exceptions.NotFound: 404 Not Found: The requested URL was not found on the server. If you entered the URL manually please check your spelling and try again.
[2026-09-24 06:03:23,757] ERROR in app: Unhandled exception: 404 Not Found: The requested URL was not found on the server. If you entered the URL manually please check your spelling and try again.
Traceback (most recent call last):
  File "/home/kyle/kimfresh/backend/venv/lib/python3.12/site-packages/flask/app.py", line 917, in full_dispatch_request
    rv = self.dispatch_request()
         ^^^^^^^^^^^^^^^^^^^^^^^
  File "/home/kyle/kimfresh/backend/venv/lib/python3.12/site-packages/flask/app.py", line 891, in dispatch_request
    self.raise_routing_exception(req)
  File "/home/kyle/kimfresh/backend/venv/lib/python3.12/site-packages/flask/app.py", line 500, in raise_routing_exception
    raise request.routing_exception  # type: ignore[misc]
    ^^^^^^^^^^^^^^^^^^^^^^^^^^^^^^^
  File "/home/kyle/kimfresh/backend/venv/lib/python3.12/site-packages/flask/ctx.py", line 362, in match_request
    result = self.url_adapter.match(return_rule=True)  # type: ignore
             ^^^^^^^^^^^^^^^^^^^^^^^^^^^^^^^^^^^^^^^^
  File "/home/kyle/kimfresh/backend/venv/lib/python3.12/site-packages/werkzeug/routing/map.py", line 629, in match
    raise NotFound() from None
werkzeug.exceptions.NotFound: 404 Not Found: The requested URL was not found on the server. If you entered the URL manually please check your spelling and try again.
[2026-09-24 06:03:41,235] ERROR in app: Unhandled exception: 404 Not Found: The requested URL was not found on the server. If you entered the URL manually please check your spelling and try again.
Traceback (most recent call last):
  File "/home/kyle/kimfresh/backend/venv/lib/python3.12/site-packages/flask/app.py", line 917, in full_dispatch_request
    rv = self.dispatch_request()
         ^^^^^^^^^^^^^^^^^^^^^^^
  File "/home/kyle/kimfresh/backend/venv/lib/python3.12/site-packages/flask/app.py", line 891, in dispatch_request
    self.raise_routing_exception(req)
  File "/home/kyle/kimfresh/backend/venv/lib/python3.12/site-packages/flask/app.py", line 500, in raise_routing_exception
    raise request.routing_exception  # type: ignore[misc]
    ^^^^^^^^^^^^^^^^^^^^^^^^^^^^^^^
  File "/home/kyle/kimfresh/backend/venv/lib/python3.12/site-packages/flask/ctx.py", line 362, in match_request
    result = self.url_adapter.match(return_rule=True)  # type: ignore
             ^^^^^^^^^^^^^^^^^^^^^^^^^^^^^^^^^^^^^^^^
  File "/home/kyle/kimfresh/backend/venv/lib/python3.12/site-packages/werkzeug/routing/map.py", line 629, in match
    raise NotFound() from None
werkzeug.exceptions.NotFound: 404 Not Found: The requested URL was not found on the server. If you entered the URL manually please check your spelling and try again.
[2026-09-24 06:03:50,038] ERROR in app: Unhandled exception: 404 Not Found: The requested URL was not found on the server. If you entered the URL manually please check your spelling and try again.
Traceback (most recent call last):
  File "/home/kyle/kimfresh/backend/venv/lib/python3.12/site-packages/flask/app.py", line 917, in full_dispatch_request
    rv = self.dispatch_request()
         ^^^^^^^^^^^^^^^^^^^^^^^
  File "/home/kyle/kimfresh/backend/venv/lib/python3.12/site-packages/flask/app.py", line 891, in dispatch_request
    self.raise_routing_exception(req)
  File "/home/kyle/kimfresh/backend/venv/lib/python3.12/site-packages/flask/app.py", line 500, in raise_routing_exception
    raise request.routing_exception  # type: ignore[misc]
    ^^^^^^^^^^^^^^^^^^^^^^^^^^^^^^^
  File "/home/kyle/kimfresh/backend/venv/lib/python3.12/site-packages/flask/ctx.py", line 362, in match_request
    result = self.url_adapter.match(return_rule=True)  # type: ignore
             ^^^^^^^^^^^^^^^^^^^^^^^^^^^^^^^^^^^^^^^^
  File "/home/kyle/kimfresh/backend/venv/lib/python3.12/site-packages/werkzeug/routing/map.py", line 629, in match
    raise NotFound() from None
werkzeug.exceptions.NotFound: 404 Not Found: The requested URL was not found on the server. If you entered the URL manually please check your spelling and try again.
[2026-09-24 06:04:05,913] ERROR in app: Unhandled exception: 404 Not Found: The requested URL was not found on the server. If you entered the URL manually please check your spelling and try again.
Traceback (most recent call last):
  File "/home/kyle/kimfresh/backend/venv/lib/python3.12/site-packages/flask/app.py", line 917, in full_dispatch_request
    rv = self.dispatch_request()
         ^^^^^^^^^^^^^^^^^^^^^^^
  File "/home/kyle/kimfresh/backend/venv/lib/python3.12/site-packages/flask/app.py", line 891, in dispatch_request
    self.raise_routing_exception(req)
  File "/home/kyle/kimfresh/backend/venv/lib/python3.12/site-packages/flask/app.py", line 500, in raise_routing_exception
    raise request.routing_exception  # type: ignore[misc]
    ^^^^^^^^^^^^^^^^^^^^^^^^^^^^^^^
  File "/home/kyle/kimfresh/backend/venv/lib/python3.12/site-packages/flask/ctx.py", line 362, in match_request
    result = self.url_adapter.match(return_rule=True)  # type: ignore
             ^^^^^^^^^^^^^^^^^^^^^^^^^^^^^^^^^^^^^^^^
  File "/home/kyle/kimfresh/backend/venv/lib/python3.12/site-packages/werkzeug/routing/map.py", line 629, in match
    raise NotFound() from None
werkzeug.exceptions.NotFound: 404 Not Found: The requested URL was not found on the server. If you entered the URL manually please check your spelling and try again.
[2026-09-24 06:04:49,029] ERROR in app: Unhandled exception: 404 Not Found: The requested URL was not found on the server. If you entered the URL manually please check your spelling and try again.
Traceback (most recent call last):
  File "/home/kyle/kimfresh/backend/venv/lib/python3.12/site-packages/flask/app.py", line 917, in full_dispatch_request
    rv = self.dispatch_request()
         ^^^^^^^^^^^^^^^^^^^^^^^
  File "/home/kyle/kimfresh/backend/venv/lib/python3.12/site-packages/flask/app.py", line 891, in dispatch_request
    self.raise_routing_exception(req)
  File "/home/kyle/kimfresh/backend/venv/lib/python3.12/site-packages/flask/app.py", line 500, in raise_routing_exception
    raise request.routing_exception  # type: ignore[misc]
    ^^^^^^^^^^^^^^^^^^^^^^^^^^^^^^^
  File "/home/kyle/kimfresh/backend/venv/lib/python3.12/site-packages/flask/ctx.py", line 362, in match_request
    result = self.url_adapter.match(return_rule=True)  # type: ignore
             ^^^^^^^^^^^^^^^^^^^^^^^^^^^^^^^^^^^^^^^^
  File "/home/kyle/kimfresh/backend/venv/lib/python3.12/site-packages/werkzeug/routing/map.py", line 629, in match
    raise NotFound() from None
werkzeug.exceptions.NotFound: 404 Not Found: The requested URL was not found on the server. If you entered the URL manually please check your spelling and try again.
[2026-09-24 06:04:49,433] ERROR in app: Unhandled exception: 404 Not Found: The requested URL was not found on the server. If you entered the URL manually please check your spelling and try again.
Traceback (most recent call last):
  File "/home/kyle/kimfresh/backend/venv/lib/python3.12/site-packages/flask/app.py", line 917, in full_dispatch_request
    rv = self.dispatch_request()
         ^^^^^^^^^^^^^^^^^^^^^^^
  File "/home/kyle/kimfresh/backend/venv/lib/python3.12/site-packages/flask/app.py", line 891, in dispatch_request
    self.raise_routing_exception(req)
  File "/home/kyle/kimfresh/backend/venv/lib/python3.12/site-packages/flask/app.py", line 500, in raise_routing_exception
    raise request.routing_exception  # type: ignore[misc]
    ^^^^^^^^^^^^^^^^^^^^^^^^^^^^^^^
  File "/home/kyle/kimfresh/backend/venv/lib/python3.12/site-packages/flask/ctx.py", line 362, in match_request
    result = self.url_adapter.match(return_rule=True)  # type: ignore
             ^^^^^^^^^^^^^^^^^^^^^^^^^^^^^^^^^^^^^^^^
  File "/home/kyle/kimfresh/backend/venv/lib/python3.12/site-packages/werkzeug/routing/map.py", line 629, in match
    raise NotFound() from None
werkzeug.exceptions.NotFound: 404 Not Found: The requested URL was not found on the server. If you entered the URL manually please check your spelling and try again.
[2026-09-24 06:05:33,653] ERROR in app: Unhandled exception: 404 Not Found: The requested URL was not found on the server. If you entered the URL manually please check your spelling and try again.
Traceback (most recent call last):
  File "/home/kyle/kimfresh/backend/venv/lib/python3.12/site-packages/flask/app.py", line 917, in full_dispatch_request
    rv = self.dispatch_request()
         ^^^^^^^^^^^^^^^^^^^^^^^
  File "/home/kyle/kimfresh/backend/venv/lib/python3.12/site-packages/flask/app.py", line 891, in dispatch_request
    self.raise_routing_exception(req)
  File "/home/kyle/kimfresh/backend/venv/lib/python3.12/site-packages/flask/app.py", line 500, in raise_routing_exception
    raise request.routing_exception  # type: ignore[misc]
    ^^^^^^^^^^^^^^^^^^^^^^^^^^^^^^^
  File "/home/kyle/kimfresh/backend/venv/lib/python3.12/site-packages/flask/ctx.py", line 362, in match_request
    result = self.url_adapter.match(return_rule=True)  # type: ignore
             ^^^^^^^^^^^^^^^^^^^^^^^^^^^^^^^^^^^^^^^^
  File "/home/kyle/kimfresh/backend/venv/lib/python3.12/site-packages/werkzeug/routing/map.py", line 629, in match
    raise NotFound() from None
werkzeug.exceptions.NotFound: 404 Not Found: The requested URL was not found on the server. If you entered the URL manually please check your spelling and try again.
[2026-09-24 06:06:57,536] ERROR in app: Unhandled exception: 404 Not Found: The requested URL was not found on the server. If you entered the URL manually please check your spelling and try again.
Traceback (most recent call last):
  File "/home/kyle/kimfresh/backend/venv/lib/python3.12/site-packages/flask/app.py", line 917, in full_dispatch_request
    rv = self.dispatch_request()
         ^^^^^^^^^^^^^^^^^^^^^^^
  File "/home/kyle/kimfresh/backend/venv/lib/python3.12/site-packages/flask/app.py", line 891, in dispatch_request
    self.raise_routing_exception(req)
  File "/home/kyle/kimfresh/backend/venv/lib/python3.12/site-packages/flask/app.py", line 500, in raise_routing_exception
    raise request.routing_exception  # type: ignore[misc]
    ^^^^^^^^^^^^^^^^^^^^^^^^^^^^^^^
  File "/home/kyle/kimfresh/backend/venv/lib/python3.12/site-packages/flask/ctx.py", line 362, in match_request
    result = self.url_adapter.match(return_rule=True)  # type: ignore
             ^^^^^^^^^^^^^^^^^^^^^^^^^^^^^^^^^^^^^^^^
  File "/home/kyle/kimfresh/backend/venv/lib/python3.12/site-packages/werkzeug/routing/map.py", line 629, in match
    raise NotFound() from None
werkzeug.exceptions.NotFound: 404 Not Found: The requested URL was not found on the server. If you entered the URL manually please check your spelling and try again.
[2026-09-24 06:08:11,095] ERROR in app: Unhandled exception: 404 Not Found: The requested URL was not found on the server. If you entered the URL manually please check your spelling and try again.
Traceback (most recent call last):
  File "/home/kyle/kimfresh/backend/venv/lib/python3.12/site-packages/flask/app.py", line 917, in full_dispatch_request
    rv = self.dispatch_request()
         ^^^^^^^^^^^^^^^^^^^^^^^
  File "/home/kyle/kimfresh/backend/venv/lib/python3.12/site-packages/flask/app.py", line 891, in dispatch_request
    self.raise_routing_exception(req)
  File "/home/kyle/kimfresh/backend/venv/lib/python3.12/site-packages/flask/app.py", line 500, in raise_routing_exception
    raise request.routing_exception  # type: ignore[misc]
    ^^^^^^^^^^^^^^^^^^^^^^^^^^^^^^^
  File "/home/kyle/kimfresh/backend/venv/lib/python3.12/site-packages/flask/ctx.py", line 362, in match_request
    result = self.url_adapter.match(return_rule=True)  # type: ignore
             ^^^^^^^^^^^^^^^^^^^^^^^^^^^^^^^^^^^^^^^^
  File "/home/kyle/kimfresh/backend/venv/lib/python3.12/site-packages/werkzeug/routing/map.py", line 629, in match
    raise NotFound() from None
werkzeug.exceptions.NotFound: 404 Not Found: The requested URL was not found on the server. If you entered the URL manually please check your spelling and try again.
[2026-09-24 06:08:11,489] ERROR in app: Unhandled exception: 404 Not Found: The requested URL was not found on the server. If you entered the URL manually please check your spelling and try again.
Traceback (most recent call last):
  File "/home/kyle/kimfresh/backend/venv/lib/python3.12/site-packages/flask/app.py", line 917, in full_dispatch_request
    rv = self.dispatch_request()
         ^^^^^^^^^^^^^^^^^^^^^^^
  File "/home/kyle/kimfresh/backend/venv/lib/python3.12/site-packages/flask/app.py", line 891, in dispatch_request
    self.raise_routing_exception(req)
  File "/home/kyle/kimfresh/backend/venv/lib/python3.12/site-packages/flask/app.py", line 500, in raise_routing_exception
    raise request.routing_exception  # type: ignore[misc]
    ^^^^^^^^^^^^^^^^^^^^^^^^^^^^^^^
  File "/home/kyle/kimfresh/backend/venv/lib/python3.12/site-packages/flask/ctx.py", line 362, in match_request
    result = self.url_adapter.match(return_rule=True)  # type: ignore
             ^^^^^^^^^^^^^^^^^^^^^^^^^^^^^^^^^^^^^^^^
  File "/home/kyle/kimfresh/backend/venv/lib/python3.12/site-packages/werkzeug/routing/map.py", line 629, in match
    raise NotFound() from None
werkzeug.exceptions.NotFound: 404 Not Found: The requested URL was not found on the server. If you entered the URL manually please check your spelling and try again.
[2026-09-24 06:09:50,597] ERROR in app: Unhandled exception: 404 Not Found: The requested URL was not found on the server. If you entered the URL manually please check your spelling and try again.
Traceback (most recent call last):
  File "/home/kyle/kimfresh/backend/venv/lib/python3.12/site-packages/flask/app.py", line 917, in full_dispatch_request
    rv = self.dispatch_request()
         ^^^^^^^^^^^^^^^^^^^^^^^
  File "/home/kyle/kimfresh/backend/venv/lib/python3.12/site-packages/flask/app.py", line 891, in dispatch_request
    self.raise_routing_exception(req)
  File "/home/kyle/kimfresh/backend/venv/lib/python3.12/site-packages/flask/app.py", line 500, in raise_routing_exception
    raise request.routing_exception  # type: ignore[misc]
    ^^^^^^^^^^^^^^^^^^^^^^^^^^^^^^^
  File "/home/kyle/kimfresh/backend/venv/lib/python3.12/site-packages/flask/ctx.py", line 362, in match_request
    result = self.url_adapter.match(return_rule=True)  # type: ignore
             ^^^^^^^^^^^^^^^^^^^^^^^^^^^^^^^^^^^^^^^^
  File "/home/kyle/kimfresh/backend/venv/lib/python3.12/site-packages/werkzeug/routing/map.py", line 629, in match
    raise NotFound() from None
werkzeug.exceptions.NotFound: 404 Not Found: The requested URL was not found on the server. If you entered the URL manually please check your spelling and try again.
[2026-09-24 06:09:56,870] ERROR in app: Unhandled exception: 404 Not Found: The requested URL was not found on the server. If you entered the URL manually please check your spelling and try again.
Traceback (most recent call last):
  File "/home/kyle/kimfresh/backend/venv/lib/python3.12/site-packages/flask/app.py", line 917, in full_dispatch_request
    rv = self.dispatch_request()
         ^^^^^^^^^^^^^^^^^^^^^^^
  File "/home/kyle/kimfresh/backend/venv/lib/python3.12/site-packages/flask/app.py", line 902, in dispatch_request
    return self.ensure_sync(self.view_functions[rule.endpoint])(**view_args)  # type: ignore[no-any-return]
           ^^^^^^^^^^^^^^^^^^^^^^^^^^^^^^^^^^^^^^^^^^^^^^^^^^^^^^^^^^^^^^^^^
  File "/home/kyle/kimfresh/backend/app.py", line 72, in serve_web
    return send_from_directory(WEB_DIR, filename)
           ^^^^^^^^^^^^^^^^^^^^^^^^^^^^^^^^^^^^^^
  File "/home/kyle/kimfresh/backend/venv/lib/python3.12/site-packages/flask/helpers.py", line 572, in send_from_directory
    return werkzeug.utils.send_from_directory(  # type: ignore[return-value]
           ^^^^^^^^^^^^^^^^^^^^^^^^^^^^^^^^^^^^^^^^^^^^^^^^^^^^^^^^^^^^^^^^^
  File "/home/kyle/kimfresh/backend/venv/lib/python3.12/site-packages/werkzeug/utils.py", line 568, in send_from_directory
    raise NotFound()
werkzeug.exceptions.NotFound: 404 Not Found: The requested URL was not found on the server. If you entered the URL manually please check your spelling and try again.
[2026-09-24 06:09:57,352] ERROR in app: Unhandled exception: 404 Not Found: The requested URL was not found on the server. If you entered the URL manually please check your spelling and try again.
Traceback (most recent call last):
  File "/home/kyle/kimfresh/backend/venv/lib/python3.12/site-packages/flask/app.py", line 917, in full_dispatch_request
    rv = self.dispatch_request()
         ^^^^^^^^^^^^^^^^^^^^^^^
  File "/home/kyle/kimfresh/backend/venv/lib/python3.12/site-packages/flask/app.py", line 891, in dispatch_request
    self.raise_routing_exception(req)
  File "/home/kyle/kimfresh/backend/venv/lib/python3.12/site-packages/flask/app.py", line 500, in raise_routing_exception
    raise request.routing_exception  # type: ignore[misc]
    ^^^^^^^^^^^^^^^^^^^^^^^^^^^^^^^
  File "/home/kyle/kimfresh/backend/venv/lib/python3.12/site-packages/flask/ctx.py", line 362, in match_request
    result = self.url_adapter.match(return_rule=True)  # type: ignore
             ^^^^^^^^^^^^^^^^^^^^^^^^^^^^^^^^^^^^^^^^
  File "/home/kyle/kimfresh/backend/venv/lib/python3.12/site-packages/werkzeug/routing/map.py", line 629, in match
    raise NotFound() from None
werkzeug.exceptions.NotFound: 404 Not Found: The requested URL was not found on the server. If you entered the URL manually please check your spelling and try again.
[2026-09-24 06:10:20,187] ERROR in app: Unhandled exception: 404 Not Found: The requested URL was not found on the server. If you entered the URL manually please check your spelling and try again.
Traceback (most recent call last):
  File "/home/kyle/kimfresh/backend/venv/lib/python3.12/site-packages/flask/app.py", line 917, in full_dispatch_request
    rv = self.dispatch_request()
         ^^^^^^^^^^^^^^^^^^^^^^^
  File "/home/kyle/kimfresh/backend/venv/lib/python3.12/site-packages/flask/app.py", line 891, in dispatch_request
    self.raise_routing_exception(req)
  File "/home/kyle/kimfresh/backend/venv/lib/python3.12/site-packages/flask/app.py", line 500, in raise_routing_exception
    raise request.routing_exception  # type: ignore[misc]
    ^^^^^^^^^^^^^^^^^^^^^^^^^^^^^^^
  File "/home/kyle/kimfresh/backend/venv/lib/python3.12/site-packages/flask/ctx.py", line 362, in match_request
    result = self.url_adapter.match(return_rule=True)  # type: ignore
             ^^^^^^^^^^^^^^^^^^^^^^^^^^^^^^^^^^^^^^^^
  File "/home/kyle/kimfresh/backend/venv/lib/python3.12/site-packages/werkzeug/routing/map.py", line 629, in match
    raise NotFound() from None
werkzeug.exceptions.NotFound: 404 Not Found: The requested URL was not found on the server. If you entered the URL manually please check your spelling and try again.
[2026-09-24 06:10:41,762] ERROR in app: Unhandled exception: 404 Not Found: The requested URL was not found on the server. If you entered the URL manually please check your spelling and try again.
Traceback (most recent call last):
  File "/home/kyle/kimfresh/backend/venv/lib/python3.12/site-packages/flask/app.py", line 917, in full_dispatch_request
    rv = self.dispatch_request()
         ^^^^^^^^^^^^^^^^^^^^^^^
  File "/home/kyle/kimfresh/backend/venv/lib/python3.12/site-packages/flask/app.py", line 891, in dispatch_request
    self.raise_routing_exception(req)
  File "/home/kyle/kimfresh/backend/venv/lib/python3.12/site-packages/flask/app.py", line 500, in raise_routing_exception
    raise request.routing_exception  # type: ignore[misc]
    ^^^^^^^^^^^^^^^^^^^^^^^^^^^^^^^
  File "/home/kyle/kimfresh/backend/venv/lib/python3.12/site-packages/flask/ctx.py", line 362, in match_request
    result = self.url_adapter.match(return_rule=True)  # type: ignore
             ^^^^^^^^^^^^^^^^^^^^^^^^^^^^^^^^^^^^^^^^
  File "/home/kyle/kimfresh/backend/venv/lib/python3.12/site-packages/werkzeug/routing/map.py", line 629, in match
    raise NotFound() from None
werkzeug.exceptions.NotFound: 404 Not Found: The requested URL was not found on the server. If you entered the URL manually please check your spelling and try again.
[2026-09-24 06:11:10,226] INFO in auth: Login success: admin@kimfresh.com as admin
[2026-09-24 06:11:11,376] ERROR in app: Unhandled exception: 404 Not Found: The requested URL was not found on the server. If you entered the URL manually please check your spelling and try again.
Traceback (most recent call last):
  File "/home/kyle/kimfresh/backend/venv/lib/python3.12/site-packages/flask/app.py", line 917, in full_dispatch_request
    rv = self.dispatch_request()
         ^^^^^^^^^^^^^^^^^^^^^^^
  File "/home/kyle/kimfresh/backend/venv/lib/python3.12/site-packages/flask/app.py", line 891, in dispatch_request
    self.raise_routing_exception(req)
  File "/home/kyle/kimfresh/backend/venv/lib/python3.12/site-packages/flask/app.py", line 500, in raise_routing_exception
    raise request.routing_exception  # type: ignore[misc]
    ^^^^^^^^^^^^^^^^^^^^^^^^^^^^^^^
  File "/home/kyle/kimfresh/backend/venv/lib/python3.12/site-packages/flask/ctx.py", line 362, in match_request
    result = self.url_adapter.match(return_rule=True)  # type: ignore
             ^^^^^^^^^^^^^^^^^^^^^^^^^^^^^^^^^^^^^^^^
  File "/home/kyle/kimfresh/backend/venv/lib/python3.12/site-packages/werkzeug/routing/map.py", line 629, in match
    raise NotFound() from None
werkzeug.exceptions.NotFound: 404 Not Found: The requested URL was not found on the server. If you entered the URL manually please check your spelling and try again.
[2026-09-24 06:15:02,851] INFO in auth: Login success: retailer@kimfresh.com as retailer
[2026-09-24 06:15:11,004] ERROR in app: Unhandled exception: 404 Not Found: The requested URL was not found on the server. If you entered the URL manually please check your spelling and try again.
Traceback (most recent call last):
  File "/home/kyle/kimfresh/backend/venv/lib/python3.12/site-packages/flask/app.py", line 917, in full_dispatch_request
    rv = self.dispatch_request()
         ^^^^^^^^^^^^^^^^^^^^^^^
  File "/home/kyle/kimfresh/backend/venv/lib/python3.12/site-packages/flask/app.py", line 891, in dispatch_request
    self.raise_routing_exception(req)
  File "/home/kyle/kimfresh/backend/venv/lib/python3.12/site-packages/flask/app.py", line 500, in raise_routing_exception
    raise request.routing_exception  # type: ignore[misc]
    ^^^^^^^^^^^^^^^^^^^^^^^^^^^^^^^
  File "/home/kyle/kimfresh/backend/venv/lib/python3.12/site-packages/flask/ctx.py", line 362, in match_request
    result = self.url_adapter.match(return_rule=True)  # type: ignore
             ^^^^^^^^^^^^^^^^^^^^^^^^^^^^^^^^^^^^^^^^
  File "/home/kyle/kimfresh/backend/venv/lib/python3.12/site-packages/werkzeug/routing/map.py", line 629, in match
    raise NotFound() from None
werkzeug.exceptions.NotFound: 404 Not Found: The requested URL was not found on the server. If you entered the URL manually please check your spelling and try again.
[2026-09-24 06:15:15,216] INFO in orders: Order #1 placed by retailer 1 total ₱175.00
[2026-09-24 06:15:19,105] ERROR in app: Unhandled exception: 404 Not Found: The requested URL was not found on the server. If you entered the URL manually please check your spelling and try again.
Traceback (most recent call last):
  File "/home/kyle/kimfresh/backend/venv/lib/python3.12/site-packages/flask/app.py", line 917, in full_dispatch_request
    rv = self.dispatch_request()
         ^^^^^^^^^^^^^^^^^^^^^^^
  File "/home/kyle/kimfresh/backend/venv/lib/python3.12/site-packages/flask/app.py", line 891, in dispatch_request
    self.raise_routing_exception(req)
  File "/home/kyle/kimfresh/backend/venv/lib/python3.12/site-packages/flask/app.py", line 500, in raise_routing_exception
    raise request.routing_exception  # type: ignore[misc]
    ^^^^^^^^^^^^^^^^^^^^^^^^^^^^^^^
  File "/home/kyle/kimfresh/backend/venv/lib/python3.12/site-packages/flask/ctx.py", line 362, in match_request
    result = self.url_adapter.match(return_rule=True)  # type: ignore
             ^^^^^^^^^^^^^^^^^^^^^^^^^^^^^^^^^^^^^^^^
  File "/home/kyle/kimfresh/backend/venv/lib/python3.12/site-packages/werkzeug/routing/map.py", line 629, in match
    raise NotFound() from None
werkzeug.exceptions.NotFound: 404 Not Found: The requested URL was not found on the server. If you entered the URL manually please check your spelling and try again.
[2026-09-24 06:15:54,832] ERROR in app: Unhandled exception: 404 Not Found: The requested URL was not found on the server. If you entered the URL manually please check your spelling and try again.
Traceback (most recent call last):
  File "/home/kyle/kimfresh/backend/venv/lib/python3.12/site-packages/flask/app.py", line 917, in full_dispatch_request
    rv = self.dispatch_request()
         ^^^^^^^^^^^^^^^^^^^^^^^
  File "/home/kyle/kimfresh/backend/venv/lib/python3.12/site-packages/flask/app.py", line 891, in dispatch_request
    self.raise_routing_exception(req)
  File "/home/kyle/kimfresh/backend/venv/lib/python3.12/site-packages/flask/app.py", line 500, in raise_routing_exception
    raise request.routing_exception  # type: ignore[misc]
    ^^^^^^^^^^^^^^^^^^^^^^^^^^^^^^^
  File "/home/kyle/kimfresh/backend/venv/lib/python3.12/site-packages/flask/ctx.py", line 362, in match_request
    result = self.url_adapter.match(return_rule=True)  # type: ignore
             ^^^^^^^^^^^^^^^^^^^^^^^^^^^^^^^^^^^^^^^^
  File "/home/kyle/kimfresh/backend/venv/lib/python3.12/site-packages/werkzeug/routing/map.py", line 629, in match
    raise NotFound() from None
werkzeug.exceptions.NotFound: 404 Not Found: The requested URL was not found on the server. If you entered the URL manually please check your spelling and try again.
[2026-09-24 06:15:57,189] ERROR in app: Unhandled exception: 404 Not Found: The requested URL was not found on the server. If you entered the URL manually please check your spelling and try again.
Traceback (most recent call last):
  File "/home/kyle/kimfresh/backend/venv/lib/python3.12/site-packages/flask/app.py", line 917, in full_dispatch_request
    rv = self.dispatch_request()
         ^^^^^^^^^^^^^^^^^^^^^^^
  File "/home/kyle/kimfresh/backend/venv/lib/python3.12/site-packages/flask/app.py", line 891, in dispatch_request
    self.raise_routing_exception(req)
  File "/home/kyle/kimfresh/backend/venv/lib/python3.12/site-packages/flask/app.py", line 500, in raise_routing_exception
    raise request.routing_exception  # type: ignore[misc]
    ^^^^^^^^^^^^^^^^^^^^^^^^^^^^^^^
  File "/home/kyle/kimfresh/backend/venv/lib/python3.12/site-packages/flask/ctx.py", line 362, in match_request
    result = self.url_adapter.match(return_rule=True)  # type: ignore
             ^^^^^^^^^^^^^^^^^^^^^^^^^^^^^^^^^^^^^^^^
  File "/home/kyle/kimfresh/backend/venv/lib/python3.12/site-packages/werkzeug/routing/map.py", line 629, in match
    raise NotFound() from None
werkzeug.exceptions.NotFound: 404 Not Found: The requested URL was not found on the server. If you entered the URL manually please check your spelling and try again.
[2026-09-24 06:15:58,416] ERROR in app: Unhandled exception: 404 Not Found: The requested URL was not found on the server. If you entered the URL manually please check your spelling and try again.
Traceback (most recent call last):
  File "/home/kyle/kimfresh/backend/venv/lib/python3.12/site-packages/flask/app.py", line 917, in full_dispatch_request
    rv = self.dispatch_request()
         ^^^^^^^^^^^^^^^^^^^^^^^
  File "/home/kyle/kimfresh/backend/venv/lib/python3.12/site-packages/flask/app.py", line 891, in dispatch_request
    self.raise_routing_exception(req)
  File "/home/kyle/kimfresh/backend/venv/lib/python3.12/site-packages/flask/app.py", line 500, in raise_routing_exception
    raise request.routing_exception  # type: ignore[misc]
    ^^^^^^^^^^^^^^^^^^^^^^^^^^^^^^^
  File "/home/kyle/kimfresh/backend/venv/lib/python3.12/site-packages/flask/ctx.py", line 362, in match_request
    result = self.url_adapter.match(return_rule=True)  # type: ignore
             ^^^^^^^^^^^^^^^^^^^^^^^^^^^^^^^^^^^^^^^^
  File "/home/kyle/kimfresh/backend/venv/lib/python3.12/site-packages/werkzeug/routing/map.py", line 629, in match
    raise NotFound() from None
werkzeug.exceptions.NotFound: 404 Not Found: The requested URL was not found on the server. If you entered the URL manually please check your spelling and try again.
[2026-09-24 06:15:59,818] ERROR in app: Unhandled exception: 404 Not Found: The requested URL was not found on the server. If you entered the URL manually please check your spelling and try again.
Traceback (most recent call last):
  File "/home/kyle/kimfresh/backend/venv/lib/python3.12/site-packages/flask/app.py", line 917, in full_dispatch_request
    rv = self.dispatch_request()
         ^^^^^^^^^^^^^^^^^^^^^^^
  File "/home/kyle/kimfresh/backend/venv/lib/python3.12/site-packages/flask/app.py", line 891, in dispatch_request
    self.raise_routing_exception(req)
  File "/home/kyle/kimfresh/backend/venv/lib/python3.12/site-packages/flask/app.py", line 500, in raise_routing_exception
    raise request.routing_exception  # type: ignore[misc]
    ^^^^^^^^^^^^^^^^^^^^^^^^^^^^^^^
  File "/home/kyle/kimfresh/backend/venv/lib/python3.12/site-packages/flask/ctx.py", line 362, in match_request
    result = self.url_adapter.match(return_rule=True)  # type: ignore
             ^^^^^^^^^^^^^^^^^^^^^^^^^^^^^^^^^^^^^^^^
  File "/home/kyle/kimfresh/backend/venv/lib/python3.12/site-packages/werkzeug/routing/map.py", line 629, in match
    raise NotFound() from None
werkzeug.exceptions.NotFound: 404 Not Found: The requested URL was not found on the server. If you entered the URL manually please check your spelling and try again.
[2026-09-24 06:16:18,157] INFO in auth: Login success: driver@kimfresh.com as driver
[2026-09-24 06:16:24,893] ERROR in app: Unhandled exception: 404 Not Found: The requested URL was not found on the server. If you entered the URL manually please check your spelling and try again.
Traceback (most recent call last):
  File "/home/kyle/kimfresh/backend/venv/lib/python3.12/site-packages/flask/app.py", line 917, in full_dispatch_request
    rv = self.dispatch_request()
         ^^^^^^^^^^^^^^^^^^^^^^^
  File "/home/kyle/kimfresh/backend/venv/lib/python3.12/site-packages/flask/app.py", line 891, in dispatch_request
    self.raise_routing_exception(req)
  File "/home/kyle/kimfresh/backend/venv/lib/python3.12/site-packages/flask/app.py", line 500, in raise_routing_exception
    raise request.routing_exception  # type: ignore[misc]
    ^^^^^^^^^^^^^^^^^^^^^^^^^^^^^^^
  File "/home/kyle/kimfresh/backend/venv/lib/python3.12/site-packages/flask/ctx.py", line 362, in match_request
    result = self.url_adapter.match(return_rule=True)  # type: ignore
             ^^^^^^^^^^^^^^^^^^^^^^^^^^^^^^^^^^^^^^^^
  File "/home/kyle/kimfresh/backend/venv/lib/python3.12/site-packages/werkzeug/routing/map.py", line 629, in match
    raise NotFound() from None
werkzeug.exceptions.NotFound: 404 Not Found: The requested URL was not found on the server. If you entered the URL manually please check your spelling and try again.
[2026-09-24 06:16:27,294] ERROR in app: Unhandled exception: 404 Not Found: The requested URL was not found on the server. If you entered the URL manually please check your spelling and try again.
Traceback (most recent call last):
  File "/home/kyle/kimfresh/backend/venv/lib/python3.12/site-packages/flask/app.py", line 917, in full_dispatch_request
    rv = self.dispatch_request()
         ^^^^^^^^^^^^^^^^^^^^^^^
  File "/home/kyle/kimfresh/backend/venv/lib/python3.12/site-packages/flask/app.py", line 891, in dispatch_request
    self.raise_routing_exception(req)
  File "/home/kyle/kimfresh/backend/venv/lib/python3.12/site-packages/flask/app.py", line 500, in raise_routing_exception
    raise request.routing_exception  # type: ignore[misc]
    ^^^^^^^^^^^^^^^^^^^^^^^^^^^^^^^
  File "/home/kyle/kimfresh/backend/venv/lib/python3.12/site-packages/flask/ctx.py", line 362, in match_request
    result = self.url_adapter.match(return_rule=True)  # type: ignore
             ^^^^^^^^^^^^^^^^^^^^^^^^^^^^^^^^^^^^^^^^
  File "/home/kyle/kimfresh/backend/venv/lib/python3.12/site-packages/werkzeug/routing/map.py", line 629, in match
    raise NotFound() from None
werkzeug.exceptions.NotFound: 404 Not Found: The requested URL was not found on the server. If you entered the URL manually please check your spelling and try again.
[2026-09-24 06:16:41,119] ERROR in app: Unhandled exception: 404 Not Found: The requested URL was not found on the server. If you entered the URL manually please check your spelling and try again.
Traceback (most recent call last):
  File "/home/kyle/kimfresh/backend/venv/lib/python3.12/site-packages/flask/app.py", line 917, in full_dispatch_request
    rv = self.dispatch_request()
         ^^^^^^^^^^^^^^^^^^^^^^^
  File "/home/kyle/kimfresh/backend/venv/lib/python3.12/site-packages/flask/app.py", line 891, in dispatch_request
    self.raise_routing_exception(req)
  File "/home/kyle/kimfresh/backend/venv/lib/python3.12/site-packages/flask/app.py", line 500, in raise_routing_exception
    raise request.routing_exception  # type: ignore[misc]
    ^^^^^^^^^^^^^^^^^^^^^^^^^^^^^^^
  File "/home/kyle/kimfresh/backend/venv/lib/python3.12/site-packages/flask/ctx.py", line 362, in match_request
    result = self.url_adapter.match(return_rule=True)  # type: ignore
             ^^^^^^^^^^^^^^^^^^^^^^^^^^^^^^^^^^^^^^^^
  File "/home/kyle/kimfresh/backend/venv/lib/python3.12/site-packages/werkzeug/routing/map.py", line 629, in match
    raise NotFound() from None
werkzeug.exceptions.NotFound: 404 Not Found: The requested URL was not found on the server. If you entered the URL manually please check your spelling and try again.
[2026-09-24 06:16:41,554] ERROR in app: Unhandled exception: 404 Not Found: The requested URL was not found on the server. If you entered the URL manually please check your spelling and try again.
Traceback (most recent call last):
  File "/home/kyle/kimfresh/backend/venv/lib/python3.12/site-packages/flask/app.py", line 917, in full_dispatch_request
    rv = self.dispatch_request()
         ^^^^^^^^^^^^^^^^^^^^^^^
  File "/home/kyle/kimfresh/backend/venv/lib/python3.12/site-packages/flask/app.py", line 891, in dispatch_request
    self.raise_routing_exception(req)
  File "/home/kyle/kimfresh/backend/venv/lib/python3.12/site-packages/flask/app.py", line 500, in raise_routing_exception
    raise request.routing_exception  # type: ignore[misc]
    ^^^^^^^^^^^^^^^^^^^^^^^^^^^^^^^
  File "/home/kyle/kimfresh/backend/venv/lib/python3.12/site-packages/flask/ctx.py", line 362, in match_request
    result = self.url_adapter.match(return_rule=True)  # type: ignore
             ^^^^^^^^^^^^^^^^^^^^^^^^^^^^^^^^^^^^^^^^
  File "/home/kyle/kimfresh/backend/venv/lib/python3.12/site-packages/werkzeug/routing/map.py", line 629, in match
    raise NotFound() from None
werkzeug.exceptions.NotFound: 404 Not Found: The requested URL was not found on the server. If you entered the URL manually please check your spelling and try again.
[2026-09-24 06:17:02,629] ERROR in app: Unhandled exception: 404 Not Found: The requested URL was not found on the server. If you entered the URL manually please check your spelling and try again.
Traceback (most recent call last):
  File "/home/kyle/kimfresh/backend/venv/lib/python3.12/site-packages/flask/app.py", line 917, in full_dispatch_request
    rv = self.dispatch_request()
         ^^^^^^^^^^^^^^^^^^^^^^^
  File "/home/kyle/kimfresh/backend/venv/lib/python3.12/site-packages/flask/app.py", line 891, in dispatch_request
    self.raise_routing_exception(req)
  File "/home/kyle/kimfresh/backend/venv/lib/python3.12/site-packages/flask/app.py", line 500, in raise_routing_exception
    raise request.routing_exception  # type: ignore[misc]
    ^^^^^^^^^^^^^^^^^^^^^^^^^^^^^^^
  File "/home/kyle/kimfresh/backend/venv/lib/python3.12/site-packages/flask/ctx.py", line 362, in match_request
    result = self.url_adapter.match(return_rule=True)  # type: ignore
             ^^^^^^^^^^^^^^^^^^^^^^^^^^^^^^^^^^^^^^^^
  File "/home/kyle/kimfresh/backend/venv/lib/python3.12/site-packages/werkzeug/routing/map.py", line 629, in match
    raise NotFound() from None
werkzeug.exceptions.NotFound: 404 Not Found: The requested URL was not found on the server. If you entered the URL manually please check your spelling and try again.
[2026-09-24 06:17:10,410] ERROR in app: Unhandled exception: 404 Not Found: The requested URL was not found on the server. If you entered the URL manually please check your spelling and try again.
Traceback (most recent call last):
  File "/home/kyle/kimfresh/backend/venv/lib/python3.12/site-packages/flask/app.py", line 917, in full_dispatch_request
    rv = self.dispatch_request()
         ^^^^^^^^^^^^^^^^^^^^^^^
  File "/home/kyle/kimfresh/backend/venv/lib/python3.12/site-packages/flask/app.py", line 891, in dispatch_request
    self.raise_routing_exception(req)
  File "/home/kyle/kimfresh/backend/venv/lib/python3.12/site-packages/flask/app.py", line 500, in raise_routing_exception
    raise request.routing_exception  # type: ignore[misc]
    ^^^^^^^^^^^^^^^^^^^^^^^^^^^^^^^
  File "/home/kyle/kimfresh/backend/venv/lib/python3.12/site-packages/flask/ctx.py", line 362, in match_request
    result = self.url_adapter.match(return_rule=True)  # type: ignore
             ^^^^^^^^^^^^^^^^^^^^^^^^^^^^^^^^^^^^^^^^
  File "/home/kyle/kimfresh/backend/venv/lib/python3.12/site-packages/werkzeug/routing/map.py", line 629, in match
    raise NotFound() from None
werkzeug.exceptions.NotFound: 404 Not Found: The requested URL was not found on the server. If you entered the URL manually please check your spelling and try again.
[2026-09-24 06:17:15,383] ERROR in app: Unhandled exception: 404 Not Found: The requested URL was not found on the server. If you entered the URL manually please check your spelling and try again.
Traceback (most recent call last):
  File "/home/kyle/kimfresh/backend/venv/lib/python3.12/site-packages/flask/app.py", line 917, in full_dispatch_request
    rv = self.dispatch_request()
         ^^^^^^^^^^^^^^^^^^^^^^^
  File "/home/kyle/kimfresh/backend/venv/lib/python3.12/site-packages/flask/app.py", line 891, in dispatch_request
    self.raise_routing_exception(req)
  File "/home/kyle/kimfresh/backend/venv/lib/python3.12/site-packages/flask/app.py", line 500, in raise_routing_exception
    raise request.routing_exception  # type: ignore[misc]
    ^^^^^^^^^^^^^^^^^^^^^^^^^^^^^^^
  File "/home/kyle/kimfresh/backend/venv/lib/python3.12/site-packages/flask/ctx.py", line 362, in match_request
    result = self.url_adapter.match(return_rule=True)  # type: ignore
             ^^^^^^^^^^^^^^^^^^^^^^^^^^^^^^^^^^^^^^^^
  File "/home/kyle/kimfresh/backend/venv/lib/python3.12/site-packages/werkzeug/routing/map.py", line 629, in match
    raise NotFound() from None
werkzeug.exceptions.NotFound: 404 Not Found: The requested URL was not found on the server. If you entered the URL manually please check your spelling and try again.
[2026-09-24 06:17:21,670] ERROR in app: Unhandled exception: 404 Not Found: The requested URL was not found on the server. If you entered the URL manually please check your spelling and try again.
Traceback (most recent call last):
  File "/home/kyle/kimfresh/backend/venv/lib/python3.12/site-packages/flask/app.py", line 917, in full_dispatch_request
    rv = self.dispatch_request()
         ^^^^^^^^^^^^^^^^^^^^^^^
  File "/home/kyle/kimfresh/backend/venv/lib/python3.12/site-packages/flask/app.py", line 891, in dispatch_request
    self.raise_routing_exception(req)
  File "/home/kyle/kimfresh/backend/venv/lib/python3.12/site-packages/flask/app.py", line 500, in raise_routing_exception
    raise request.routing_exception  # type: ignore[misc]
    ^^^^^^^^^^^^^^^^^^^^^^^^^^^^^^^
  File "/home/kyle/kimfresh/backend/venv/lib/python3.12/site-packages/flask/ctx.py", line 362, in match_request
    result = self.url_adapter.match(return_rule=True)  # type: ignore
             ^^^^^^^^^^^^^^^^^^^^^^^^^^^^^^^^^^^^^^^^
  File "/home/kyle/kimfresh/backend/venv/lib/python3.12/site-packages/werkzeug/routing/map.py", line 629, in match
    raise NotFound() from None
werkzeug.exceptions.NotFound: 404 Not Found: The requested URL was not found on the server. If you entered the URL manually please check your spelling and try again.
[2026-09-24 06:17:29,348] ERROR in app: Unhandled exception: 404 Not Found: The requested URL was not found on the server. If you entered the URL manually please check your spelling and try again.
Traceback (most recent call last):
  File "/home/kyle/kimfresh/backend/venv/lib/python3.12/site-packages/flask/app.py", line 917, in full_dispatch_request
    rv = self.dispatch_request()
         ^^^^^^^^^^^^^^^^^^^^^^^
  File "/home/kyle/kimfresh/backend/venv/lib/python3.12/site-packages/flask/app.py", line 891, in dispatch_request
    self.raise_routing_exception(req)
  File "/home/kyle/kimfresh/backend/venv/lib/python3.12/site-packages/flask/app.py", line 500, in raise_routing_exception
    raise request.routing_exception  # type: ignore[misc]
    ^^^^^^^^^^^^^^^^^^^^^^^^^^^^^^^
  File "/home/kyle/kimfresh/backend/venv/lib/python3.12/site-packages/flask/ctx.py", line 362, in match_request
    result = self.url_adapter.match(return_rule=True)  # type: ignore
             ^^^^^^^^^^^^^^^^^^^^^^^^^^^^^^^^^^^^^^^^
  File "/home/kyle/kimfresh/backend/venv/lib/python3.12/site-packages/werkzeug/routing/map.py", line 629, in match
    raise NotFound() from None
werkzeug.exceptions.NotFound: 404 Not Found: The requested URL was not found on the server. If you entered the URL manually please check your spelling and try again.
[2026-09-24 06:17:31,134] ERROR in app: Unhandled exception: 404 Not Found: The requested URL was not found on the server. If you entered the URL manually please check your spelling and try again.
Traceback (most recent call last):
  File "/home/kyle/kimfresh/backend/venv/lib/python3.12/site-packages/flask/app.py", line 917, in full_dispatch_request
    rv = self.dispatch_request()
         ^^^^^^^^^^^^^^^^^^^^^^^
  File "/home/kyle/kimfresh/backend/venv/lib/python3.12/site-packages/flask/app.py", line 891, in dispatch_request
    self.raise_routing_exception(req)
  File "/home/kyle/kimfresh/backend/venv/lib/python3.12/site-packages/flask/app.py", line 500, in raise_routing_exception
    raise request.routing_exception  # type: ignore[misc]
    ^^^^^^^^^^^^^^^^^^^^^^^^^^^^^^^
  File "/home/kyle/kimfresh/backend/venv/lib/python3.12/site-packages/flask/ctx.py", line 362, in match_request
    result = self.url_adapter.match(return_rule=True)  # type: ignore
             ^^^^^^^^^^^^^^^^^^^^^^^^^^^^^^^^^^^^^^^^
  File "/home/kyle/kimfresh/backend/venv/lib/python3.12/site-packages/werkzeug/routing/map.py", line 629, in match
    raise NotFound() from None
werkzeug.exceptions.NotFound: 404 Not Found: The requested URL was not found on the server. If you entered the URL manually please check your spelling and try again.
[2026-09-24 06:18:03,984] ERROR in app: Unhandled exception: 404 Not Found: The requested URL was not found on the server. If you entered the URL manually please check your spelling and try again.
Traceback (most recent call last):
  File "/home/kyle/kimfresh/backend/venv/lib/python3.12/site-packages/flask/app.py", line 917, in full_dispatch_request
    rv = self.dispatch_request()
         ^^^^^^^^^^^^^^^^^^^^^^^
  File "/home/kyle/kimfresh/backend/venv/lib/python3.12/site-packages/flask/app.py", line 891, in dispatch_request
    self.raise_routing_exception(req)
  File "/home/kyle/kimfresh/backend/venv/lib/python3.12/site-packages/flask/app.py", line 500, in raise_routing_exception
    raise request.routing_exception  # type: ignore[misc]
    ^^^^^^^^^^^^^^^^^^^^^^^^^^^^^^^
  File "/home/kyle/kimfresh/backend/venv/lib/python3.12/site-packages/flask/ctx.py", line 362, in match_request
    result = self.url_adapter.match(return_rule=True)  # type: ignore
             ^^^^^^^^^^^^^^^^^^^^^^^^^^^^^^^^^^^^^^^^
  File "/home/kyle/kimfresh/backend/venv/lib/python3.12/site-packages/werkzeug/routing/map.py", line 629, in match
    raise NotFound() from None
werkzeug.exceptions.NotFound: 404 Not Found: The requested URL was not found on the server. If you entered the URL manually please check your spelling and try again.
[2026-09-24 06:24:07,729] INFO in auth: Login success: admin@kimfresh.com as admin
[2026-09-24 06:26:50,674] ERROR in app: Unhandled exception: 404 Not Found: The requested URL was not found on the server. If you entered the URL manually please check your spelling and try again.
Traceback (most recent call last):
  File "/home/kyle/kimfresh/backend/venv/lib/python3.12/site-packages/flask/app.py", line 917, in full_dispatch_request
    rv = self.dispatch_request()
         ^^^^^^^^^^^^^^^^^^^^^^^
  File "/home/kyle/kimfresh/backend/venv/lib/python3.12/site-packages/flask/app.py", line 891, in dispatch_request
    self.raise_routing_exception(req)
  File "/home/kyle/kimfresh/backend/venv/lib/python3.12/site-packages/flask/app.py", line 500, in raise_routing_exception
    raise request.routing_exception  # type: ignore[misc]
    ^^^^^^^^^^^^^^^^^^^^^^^^^^^^^^^
  File "/home/kyle/kimfresh/backend/venv/lib/python3.12/site-packages/flask/ctx.py", line 362, in match_request
    result = self.url_adapter.match(return_rule=True)  # type: ignore
             ^^^^^^^^^^^^^^^^^^^^^^^^^^^^^^^^^^^^^^^^
  File "/home/kyle/kimfresh/backend/venv/lib/python3.12/site-packages/werkzeug/routing/map.py", line 629, in match
    raise NotFound() from None
werkzeug.exceptions.NotFound: 404 Not Found: The requested URL was not found on the server. If you entered the URL manually please check your spelling and try again.
[2026-09-24 06:33:13,343] ERROR in app: Unhandled exception: 404 Not Found: The requested URL was not found on the server. If you entered the URL manually please check your spelling and try again.
Traceback (most recent call last):
  File "/home/kyle/kimfresh/backend/venv/lib/python3.12/site-packages/flask/app.py", line 917, in full_dispatch_request
    rv = self.dispatch_request()
         ^^^^^^^^^^^^^^^^^^^^^^^
  File "/home/kyle/kimfresh/backend/venv/lib/python3.12/site-packages/flask/app.py", line 891, in dispatch_request
    self.raise_routing_exception(req)
  File "/home/kyle/kimfresh/backend/venv/lib/python3.12/site-packages/flask/app.py", line 500, in raise_routing_exception
    raise request.routing_exception  # type: ignore[misc]
    ^^^^^^^^^^^^^^^^^^^^^^^^^^^^^^^
  File "/home/kyle/kimfresh/backend/venv/lib/python3.12/site-packages/flask/ctx.py", line 362, in match_request
    result = self.url_adapter.match(return_rule=True)  # type: ignore
             ^^^^^^^^^^^^^^^^^^^^^^^^^^^^^^^^^^^^^^^^
  File "/home/kyle/kimfresh/backend/venv/lib/python3.12/site-packages/werkzeug/routing/map.py", line 629, in match
    raise NotFound() from None
werkzeug.exceptions.NotFound: 404 Not Found: The requested URL was not found on the server. If you entered the URL manually please check your spelling and try again.
[2026-09-24 08:45:28,302] ERROR in app: Unhandled exception: 404 Not Found: The requested URL was not found on the server. If you entered the URL manually please check your spelling and try again.
Traceback (most recent call last):
  File "/home/kyle/kimfresh/backend/venv/lib/python3.12/site-packages/flask/app.py", line 917, in full_dispatch_request
    rv = self.dispatch_request()
         ^^^^^^^^^^^^^^^^^^^^^^^
  File "/home/kyle/kimfresh/backend/venv/lib/python3.12/site-packages/flask/app.py", line 891, in dispatch_request
    self.raise_routing_exception(req)
  File "/home/kyle/kimfresh/backend/venv/lib/python3.12/site-packages/flask/app.py", line 500, in raise_routing_exception
    raise request.routing_exception  # type: ignore[misc]
    ^^^^^^^^^^^^^^^^^^^^^^^^^^^^^^^
  File "/home/kyle/kimfresh/backend/venv/lib/python3.12/site-packages/flask/ctx.py", line 362, in match_request
    result = self.url_adapter.match(return_rule=True)  # type: ignore
             ^^^^^^^^^^^^^^^^^^^^^^^^^^^^^^^^^^^^^^^^
  File "/home/kyle/kimfresh/backend/venv/lib/python3.12/site-packages/werkzeug/routing/map.py", line 629, in match
    raise NotFound() from None
werkzeug.exceptions.NotFound: 404 Not Found: The requested URL was not found on the server. If you entered the URL manually please check your spelling and try again.
[2026-09-24 09:02:28,905] INFO in auth: Login success: driver@kimfresh.com as driver
[2026-09-24 09:04:23,616] ERROR in app: Unhandled exception: 404 Not Found: The requested URL was not found on the server. If you entered the URL manually please check your spelling and try again.
Traceback (most recent call last):
  File "/home/kyle/kimfresh/backend/venv/lib/python3.12/site-packages/flask/app.py", line 917, in full_dispatch_request
    rv = self.dispatch_request()
         ^^^^^^^^^^^^^^^^^^^^^^^
  File "/home/kyle/kimfresh/backend/venv/lib/python3.12/site-packages/flask/app.py", line 891, in dispatch_request
    self.raise_routing_exception(req)
  File "/home/kyle/kimfresh/backend/venv/lib/python3.12/site-packages/flask/app.py", line 500, in raise_routing_exception
    raise request.routing_exception  # type: ignore[misc]
    ^^^^^^^^^^^^^^^^^^^^^^^^^^^^^^^
  File "/home/kyle/kimfresh/backend/venv/lib/python3.12/site-packages/flask/ctx.py", line 362, in match_request
    result = self.url_adapter.match(return_rule=True)  # type: ignore
             ^^^^^^^^^^^^^^^^^^^^^^^^^^^^^^^^^^^^^^^^
  File "/home/kyle/kimfresh/backend/venv/lib/python3.12/site-packages/werkzeug/routing/map.py", line 629, in match
    raise NotFound() from None
werkzeug.exceptions.NotFound: 404 Not Found: The requested URL was not found on the server. If you entered the URL manually please check your spelling and try again.
[2026-09-24 09:05:41,541] ERROR in app: Unhandled exception: 404 Not Found: The requested URL was not found on the server. If you entered the URL manually please check your spelling and try again.
Traceback (most recent call last):
  File "/home/kyle/kimfresh/backend/venv/lib/python3.12/site-packages/flask/app.py", line 917, in full_dispatch_request
    rv = self.dispatch_request()
         ^^^^^^^^^^^^^^^^^^^^^^^
  File "/home/kyle/kimfresh/backend/venv/lib/python3.12/site-packages/flask/app.py", line 891, in dispatch_request
    self.raise_routing_exception(req)
  File "/home/kyle/kimfresh/backend/venv/lib/python3.12/site-packages/flask/app.py", line 500, in raise_routing_exception
    raise request.routing_exception  # type: ignore[misc]
    ^^^^^^^^^^^^^^^^^^^^^^^^^^^^^^^
  File "/home/kyle/kimfresh/backend/venv/lib/python3.12/site-packages/flask/ctx.py", line 362, in match_request
    result = self.url_adapter.match(return_rule=True)  # type: ignore
             ^^^^^^^^^^^^^^^^^^^^^^^^^^^^^^^^^^^^^^^^
  File "/home/kyle/kimfresh/backend/venv/lib/python3.12/site-packages/werkzeug/routing/map.py", line 629, in match
    raise NotFound() from None
werkzeug.exceptions.NotFound: 404 Not Found: The requested URL was not found on the server. If you entered the URL manually please check your spelling and try again.
[2026-09-24 09:06:04,754] WARNING in auth: Login failed: unknown email admin@kimchifresh.com
[2026-09-24 09:06:14,994] WARNING in auth: Login failed: unknown email admin@kimchifresh.com
[2026-09-24 09:06:20,351] ERROR in app: Unhandled exception: 404 Not Found: The requested URL was not found on the server. If you entered the URL manually please check your spelling and try again.
Traceback (most recent call last):
  File "/home/kyle/kimfresh/backend/venv/lib/python3.12/site-packages/flask/app.py", line 917, in full_dispatch_request
    rv = self.dispatch_request()
         ^^^^^^^^^^^^^^^^^^^^^^^
  File "/home/kyle/kimfresh/backend/venv/lib/python3.12/site-packages/flask/app.py", line 891, in dispatch_request
    self.raise_routing_exception(req)
  File "/home/kyle/kimfresh/backend/venv/lib/python3.12/site-packages/flask/app.py", line 500, in raise_routing_exception
    raise request.routing_exception  # type: ignore[misc]
    ^^^^^^^^^^^^^^^^^^^^^^^^^^^^^^^
  File "/home/kyle/kimfresh/backend/venv/lib/python3.12/site-packages/flask/ctx.py", line 362, in match_request
    result = self.url_adapter.match(return_rule=True)  # type: ignore
             ^^^^^^^^^^^^^^^^^^^^^^^^^^^^^^^^^^^^^^^^
  File "/home/kyle/kimfresh/backend/venv/lib/python3.12/site-packages/werkzeug/routing/map.py", line 629, in match
    raise NotFound() from None
werkzeug.exceptions.NotFound: 404 Not Found: The requested URL was not found on the server. If you entered the URL manually please check your spelling and try again.
[2026-09-24 09:06:25,433] WARNING in auth: Login failed: unknown email admin@kimchifresh.com
[2026-09-24 09:06:40,013] ERROR in app: Unhandled exception: 404 Not Found: The requested URL was not found on the server. If you entered the URL manually please check your spelling and try again.
Traceback (most recent call last):
  File "/home/kyle/kimfresh/backend/venv/lib/python3.12/site-packages/flask/app.py", line 917, in full_dispatch_request
    rv = self.dispatch_request()
         ^^^^^^^^^^^^^^^^^^^^^^^
  File "/home/kyle/kimfresh/backend/venv/lib/python3.12/site-packages/flask/app.py", line 891, in dispatch_request
    self.raise_routing_exception(req)
  File "/home/kyle/kimfresh/backend/venv/lib/python3.12/site-packages/flask/app.py", line 500, in raise_routing_exception
    raise request.routing_exception  # type: ignore[misc]
    ^^^^^^^^^^^^^^^^^^^^^^^^^^^^^^^
  File "/home/kyle/kimfresh/backend/venv/lib/python3.12/site-packages/flask/ctx.py", line 362, in match_request
    result = self.url_adapter.match(return_rule=True)  # type: ignore
             ^^^^^^^^^^^^^^^^^^^^^^^^^^^^^^^^^^^^^^^^
  File "/home/kyle/kimfresh/backend/venv/lib/python3.12/site-packages/werkzeug/routing/map.py", line 629, in match
    raise NotFound() from None
werkzeug.exceptions.NotFound: 404 Not Found: The requested URL was not found on the server. If you entered the URL manually please check your spelling and try again.
[2026-09-24 09:06:40,629] ERROR in app: Unhandled exception: 429 Too Many Requests: 5 per 15 minute
Traceback (most recent call last):
  File "/home/kyle/kimfresh/backend/venv/lib/python3.12/site-packages/flask/app.py", line 917, in full_dispatch_request
    rv = self.dispatch_request()
         ^^^^^^^^^^^^^^^^^^^^^^^
  File "/home/kyle/kimfresh/backend/venv/lib/python3.12/site-packages/flask/app.py", line 902, in dispatch_request
    return self.ensure_sync(self.view_functions[rule.endpoint])(**view_args)  # type: ignore[no-any-return]
           ^^^^^^^^^^^^^^^^^^^^^^^^^^^^^^^^^^^^^^^^^^^^^^^^^^^^^^^^^^^^^^^^^
  File "/home/kyle/kimfresh/backend/venv/lib/python3.12/site-packages/flask_limiter/_limits.py", line 324, in __inner
    self.limiter._check_request_limit(in_middleware=False, callable_name=name)
  File "/home/kyle/kimfresh/backend/venv/lib/python3.12/site-packages/flask_limiter/_extension.py", line 1156, in _check_request_limit
    raise e
  File "/home/kyle/kimfresh/backend/venv/lib/python3.12/site-packages/flask_limiter/_extension.py", line 1153, in _check_request_limit
    self.__evaluate_limits(endpoint, all_limits)
  File "/home/kyle/kimfresh/backend/venv/lib/python3.12/site-packages/flask_limiter/_extension.py", line 1137, in __evaluate_limits
    raise RateLimitExceeded(
flask_limiter.errors.RateLimitExceeded: 429 Too Many Requests: 5 per 15 minute
[2026-09-24 09:06:42,165] ERROR in app: Unhandled exception: 429 Too Many Requests: 5 per 15 minute
Traceback (most recent call last):
  File "/home/kyle/kimfresh/backend/venv/lib/python3.12/site-packages/flask/app.py", line 917, in full_dispatch_request
    rv = self.dispatch_request()
         ^^^^^^^^^^^^^^^^^^^^^^^
  File "/home/kyle/kimfresh/backend/venv/lib/python3.12/site-packages/flask/app.py", line 902, in dispatch_request
    return self.ensure_sync(self.view_functions[rule.endpoint])(**view_args)  # type: ignore[no-any-return]
           ^^^^^^^^^^^^^^^^^^^^^^^^^^^^^^^^^^^^^^^^^^^^^^^^^^^^^^^^^^^^^^^^^
  File "/home/kyle/kimfresh/backend/venv/lib/python3.12/site-packages/flask_limiter/_limits.py", line 324, in __inner
    self.limiter._check_request_limit(in_middleware=False, callable_name=name)
  File "/home/kyle/kimfresh/backend/venv/lib/python3.12/site-packages/flask_limiter/_extension.py", line 1156, in _check_request_limit
    raise e
  File "/home/kyle/kimfresh/backend/venv/lib/python3.12/site-packages/flask_limiter/_extension.py", line 1153, in _check_request_limit
    self.__evaluate_limits(endpoint, all_limits)
  File "/home/kyle/kimfresh/backend/venv/lib/python3.12/site-packages/flask_limiter/_extension.py", line 1137, in __evaluate_limits
    raise RateLimitExceeded(
flask_limiter.errors.RateLimitExceeded: 429 Too Many Requests: 5 per 15 minute
[2026-09-24 09:06:55,991] ERROR in app: Unhandled exception: 404 Not Found: The requested URL was not found on the server. If you entered the URL manually please check your spelling and try again.
Traceback (most recent call last):
  File "/home/kyle/kimfresh/backend/venv/lib/python3.12/site-packages/flask/app.py", line 917, in full_dispatch_request
    rv = self.dispatch_request()
         ^^^^^^^^^^^^^^^^^^^^^^^
  File "/home/kyle/kimfresh/backend/venv/lib/python3.12/site-packages/flask/app.py", line 891, in dispatch_request
    self.raise_routing_exception(req)
  File "/home/kyle/kimfresh/backend/venv/lib/python3.12/site-packages/flask/app.py", line 500, in raise_routing_exception
    raise request.routing_exception  # type: ignore[misc]
    ^^^^^^^^^^^^^^^^^^^^^^^^^^^^^^^
  File "/home/kyle/kimfresh/backend/venv/lib/python3.12/site-packages/flask/ctx.py", line 362, in match_request
    result = self.url_adapter.match(return_rule=True)  # type: ignore
             ^^^^^^^^^^^^^^^^^^^^^^^^^^^^^^^^^^^^^^^^
  File "/home/kyle/kimfresh/backend/venv/lib/python3.12/site-packages/werkzeug/routing/map.py", line 629, in match
    raise NotFound() from None
werkzeug.exceptions.NotFound: 404 Not Found: The requested URL was not found on the server. If you entered the URL manually please check your spelling and try again.
[2026-09-24 09:06:58,445] ERROR in app: Unhandled exception: 429 Too Many Requests: 5 per 15 minute
Traceback (most recent call last):
  File "/home/kyle/kimfresh/backend/venv/lib/python3.12/site-packages/flask/app.py", line 917, in full_dispatch_request
    rv = self.dispatch_request()
         ^^^^^^^^^^^^^^^^^^^^^^^
  File "/home/kyle/kimfresh/backend/venv/lib/python3.12/site-packages/flask/app.py", line 902, in dispatch_request
    return self.ensure_sync(self.view_functions[rule.endpoint])(**view_args)  # type: ignore[no-any-return]
           ^^^^^^^^^^^^^^^^^^^^^^^^^^^^^^^^^^^^^^^^^^^^^^^^^^^^^^^^^^^^^^^^^
  File "/home/kyle/kimfresh/backend/venv/lib/python3.12/site-packages/flask_limiter/_limits.py", line 324, in __inner
    self.limiter._check_request_limit(in_middleware=False, callable_name=name)
  File "/home/kyle/kimfresh/backend/venv/lib/python3.12/site-packages/flask_limiter/_extension.py", line 1156, in _check_request_limit
    raise e
  File "/home/kyle/kimfresh/backend/venv/lib/python3.12/site-packages/flask_limiter/_extension.py", line 1153, in _check_request_limit
    self.__evaluate_limits(endpoint, all_limits)
  File "/home/kyle/kimfresh/backend/venv/lib/python3.12/site-packages/flask_limiter/_extension.py", line 1137, in __evaluate_limits
    raise RateLimitExceeded(
flask_limiter.errors.RateLimitExceeded: 429 Too Many Requests: 5 per 15 minute
[2026-09-24 09:07:11,115] ERROR in app: Unhandled exception: 429 Too Many Requests: 5 per 15 minute
Traceback (most recent call last):
  File "/home/kyle/kimfresh/backend/venv/lib/python3.12/site-packages/flask/app.py", line 917, in full_dispatch_request
    rv = self.dispatch_request()
         ^^^^^^^^^^^^^^^^^^^^^^^
  File "/home/kyle/kimfresh/backend/venv/lib/python3.12/site-packages/flask/app.py", line 902, in dispatch_request
    return self.ensure_sync(self.view_functions[rule.endpoint])(**view_args)  # type: ignore[no-any-return]
           ^^^^^^^^^^^^^^^^^^^^^^^^^^^^^^^^^^^^^^^^^^^^^^^^^^^^^^^^^^^^^^^^^
  File "/home/kyle/kimfresh/backend/venv/lib/python3.12/site-packages/flask_limiter/_limits.py", line 324, in __inner
    self.limiter._check_request_limit(in_middleware=False, callable_name=name)
  File "/home/kyle/kimfresh/backend/venv/lib/python3.12/site-packages/flask_limiter/_extension.py", line 1156, in _check_request_limit
    raise e
  File "/home/kyle/kimfresh/backend/venv/lib/python3.12/site-packages/flask_limiter/_extension.py", line 1153, in _check_request_limit
    self.__evaluate_limits(endpoint, all_limits)
  File "/home/kyle/kimfresh/backend/venv/lib/python3.12/site-packages/flask_limiter/_extension.py", line 1137, in __evaluate_limits
    raise RateLimitExceeded(
flask_limiter.errors.RateLimitExceeded: 429 Too Many Requests: 5 per 15 minute
[2026-09-24 09:07:22,307] ERROR in app: Unhandled exception: 429 Too Many Requests: 5 per 15 minute
Traceback (most recent call last):
  File "/home/kyle/kimfresh/backend/venv/lib/python3.12/site-packages/flask/app.py", line 917, in full_dispatch_request
    rv = self.dispatch_request()
         ^^^^^^^^^^^^^^^^^^^^^^^
  File "/home/kyle/kimfresh/backend/venv/lib/python3.12/site-packages/flask/app.py", line 902, in dispatch_request
    return self.ensure_sync(self.view_functions[rule.endpoint])(**view_args)  # type: ignore[no-any-return]
           ^^^^^^^^^^^^^^^^^^^^^^^^^^^^^^^^^^^^^^^^^^^^^^^^^^^^^^^^^^^^^^^^^
  File "/home/kyle/kimfresh/backend/venv/lib/python3.12/site-packages/flask_limiter/_limits.py", line 324, in __inner
    self.limiter._check_request_limit(in_middleware=False, callable_name=name)
  File "/home/kyle/kimfresh/backend/venv/lib/python3.12/site-packages/flask_limiter/_extension.py", line 1156, in _check_request_limit
    raise e
  File "/home/kyle/kimfresh/backend/venv/lib/python3.12/site-packages/flask_limiter/_extension.py", line 1153, in _check_request_limit
    self.__evaluate_limits(endpoint, all_limits)
  File "/home/kyle/kimfresh/backend/venv/lib/python3.12/site-packages/flask_limiter/_extension.py", line 1137, in __evaluate_limits
    raise RateLimitExceeded(
flask_limiter.errors.RateLimitExceeded: 429 Too Many Requests: 5 per 15 minute
[2026-09-24 09:07:23,020] ERROR in app: Unhandled exception: 404 Not Found: The requested URL was not found on the server. If you entered the URL manually please check your spelling and try again.
Traceback (most recent call last):
  File "/home/kyle/kimfresh/backend/venv/lib/python3.12/site-packages/flask/app.py", line 917, in full_dispatch_request
    rv = self.dispatch_request()
         ^^^^^^^^^^^^^^^^^^^^^^^
  File "/home/kyle/kimfresh/backend/venv/lib/python3.12/site-packages/flask/app.py", line 891, in dispatch_request
    self.raise_routing_exception(req)
  File "/home/kyle/kimfresh/backend/venv/lib/python3.12/site-packages/flask/app.py", line 500, in raise_routing_exception
    raise request.routing_exception  # type: ignore[misc]
    ^^^^^^^^^^^^^^^^^^^^^^^^^^^^^^^
  File "/home/kyle/kimfresh/backend/venv/lib/python3.12/site-packages/flask/ctx.py", line 362, in match_request
    result = self.url_adapter.match(return_rule=True)  # type: ignore
             ^^^^^^^^^^^^^^^^^^^^^^^^^^^^^^^^^^^^^^^^
  File "/home/kyle/kimfresh/backend/venv/lib/python3.12/site-packages/werkzeug/routing/map.py", line 629, in match
    raise NotFound() from None
werkzeug.exceptions.NotFound: 404 Not Found: The requested URL was not found on the server. If you entered the URL manually please check your spelling and try again.
[2026-09-24 09:07:31,930] ERROR in app: Unhandled exception: 429 Too Many Requests: 5 per 15 minute
Traceback (most recent call last):
  File "/home/kyle/kimfresh/backend/venv/lib/python3.12/site-packages/flask/app.py", line 917, in full_dispatch_request
    rv = self.dispatch_request()
         ^^^^^^^^^^^^^^^^^^^^^^^
  File "/home/kyle/kimfresh/backend/venv/lib/python3.12/site-packages/flask/app.py", line 902, in dispatch_request
    return self.ensure_sync(self.view_functions[rule.endpoint])(**view_args)  # type: ignore[no-any-return]
           ^^^^^^^^^^^^^^^^^^^^^^^^^^^^^^^^^^^^^^^^^^^^^^^^^^^^^^^^^^^^^^^^^
  File "/home/kyle/kimfresh/backend/venv/lib/python3.12/site-packages/flask_limiter/_limits.py", line 324, in __inner
    self.limiter._check_request_limit(in_middleware=False, callable_name=name)
  File "/home/kyle/kimfresh/backend/venv/lib/python3.12/site-packages/flask_limiter/_extension.py", line 1156, in _check_request_limit
    raise e
  File "/home/kyle/kimfresh/backend/venv/lib/python3.12/site-packages/flask_limiter/_extension.py", line 1153, in _check_request_limit
    self.__evaluate_limits(endpoint, all_limits)
  File "/home/kyle/kimfresh/backend/venv/lib/python3.12/site-packages/flask_limiter/_extension.py", line 1137, in __evaluate_limits
    raise RateLimitExceeded(
flask_limiter.errors.RateLimitExceeded: 429 Too Many Requests: 5 per 15 minute
[2026-09-24 09:08:15,349] ERROR in app: Unhandled exception: 429 Too Many Requests: 5 per 15 minute
Traceback (most recent call last):
  File "/home/kyle/kimfresh/backend/venv/lib/python3.12/site-packages/flask/app.py", line 917, in full_dispatch_request
    rv = self.dispatch_request()
         ^^^^^^^^^^^^^^^^^^^^^^^
  File "/home/kyle/kimfresh/backend/venv/lib/python3.12/site-packages/flask/app.py", line 902, in dispatch_request
    return self.ensure_sync(self.view_functions[rule.endpoint])(**view_args)  # type: ignore[no-any-return]
           ^^^^^^^^^^^^^^^^^^^^^^^^^^^^^^^^^^^^^^^^^^^^^^^^^^^^^^^^^^^^^^^^^
  File "/home/kyle/kimfresh/backend/venv/lib/python3.12/site-packages/flask_limiter/_limits.py", line 324, in __inner
    self.limiter._check_request_limit(in_middleware=False, callable_name=name)
  File "/home/kyle/kimfresh/backend/venv/lib/python3.12/site-packages/flask_limiter/_extension.py", line 1156, in _check_request_limit
    raise e
  File "/home/kyle/kimfresh/backend/venv/lib/python3.12/site-packages/flask_limiter/_extension.py", line 1153, in _check_request_limit
    self.__evaluate_limits(endpoint, all_limits)
  File "/home/kyle/kimfresh/backend/venv/lib/python3.12/site-packages/flask_limiter/_extension.py", line 1137, in __evaluate_limits
    raise RateLimitExceeded(
flask_limiter.errors.RateLimitExceeded: 429 Too Many Requests: 5 per 15 minute
[2026-09-24 09:08:17,192] ERROR in app: Unhandled exception: 404 Not Found: The requested URL was not found on the server. If you entered the URL manually please check your spelling and try again.
Traceback (most recent call last):
  File "/home/kyle/kimfresh/backend/venv/lib/python3.12/site-packages/flask/app.py", line 917, in full_dispatch_request
    rv = self.dispatch_request()
         ^^^^^^^^^^^^^^^^^^^^^^^
  File "/home/kyle/kimfresh/backend/venv/lib/python3.12/site-packages/flask/app.py", line 891, in dispatch_request
    self.raise_routing_exception(req)
  File "/home/kyle/kimfresh/backend/venv/lib/python3.12/site-packages/flask/app.py", line 500, in raise_routing_exception
    raise request.routing_exception  # type: ignore[misc]
    ^^^^^^^^^^^^^^^^^^^^^^^^^^^^^^^
  File "/home/kyle/kimfresh/backend/venv/lib/python3.12/site-packages/flask/ctx.py", line 362, in match_request
    result = self.url_adapter.match(return_rule=True)  # type: ignore
             ^^^^^^^^^^^^^^^^^^^^^^^^^^^^^^^^^^^^^^^^
  File "/home/kyle/kimfresh/backend/venv/lib/python3.12/site-packages/werkzeug/routing/map.py", line 629, in match
    raise NotFound() from None
werkzeug.exceptions.NotFound: 404 Not Found: The requested URL was not found on the server. If you entered the URL manually please check your spelling and try again.
[2026-09-24 09:08:19,546] ERROR in app: Unhandled exception: 404 Not Found: The requested URL was not found on the server. If you entered the URL manually please check your spelling and try again.
Traceback (most recent call last):
  File "/home/kyle/kimfresh/backend/venv/lib/python3.12/site-packages/flask/app.py", line 917, in full_dispatch_request
    rv = self.dispatch_request()
         ^^^^^^^^^^^^^^^^^^^^^^^
  File "/home/kyle/kimfresh/backend/venv/lib/python3.12/site-packages/flask/app.py", line 891, in dispatch_request
    self.raise_routing_exception(req)
  File "/home/kyle/kimfresh/backend/venv/lib/python3.12/site-packages/flask/app.py", line 500, in raise_routing_exception
    raise request.routing_exception  # type: ignore[misc]
    ^^^^^^^^^^^^^^^^^^^^^^^^^^^^^^^
  File "/home/kyle/kimfresh/backend/venv/lib/python3.12/site-packages/flask/ctx.py", line 362, in match_request
    result = self.url_adapter.match(return_rule=True)  # type: ignore
             ^^^^^^^^^^^^^^^^^^^^^^^^^^^^^^^^^^^^^^^^
  File "/home/kyle/kimfresh/backend/venv/lib/python3.12/site-packages/werkzeug/routing/map.py", line 629, in match
    raise NotFound() from None
werkzeug.exceptions.NotFound: 404 Not Found: The requested URL was not found on the server. If you entered the URL manually please check your spelling and try again.
[2026-09-24 09:08:30,401] ERROR in app: Unhandled exception: 429 Too Many Requests: 5 per 15 minute
Traceback (most recent call last):
  File "/home/kyle/kimfresh/backend/venv/lib/python3.12/site-packages/flask/app.py", line 917, in full_dispatch_request
    rv = self.dispatch_request()
         ^^^^^^^^^^^^^^^^^^^^^^^
  File "/home/kyle/kimfresh/backend/venv/lib/python3.12/site-packages/flask/app.py", line 902, in dispatch_request
    return self.ensure_sync(self.view_functions[rule.endpoint])(**view_args)  # type: ignore[no-any-return]
           ^^^^^^^^^^^^^^^^^^^^^^^^^^^^^^^^^^^^^^^^^^^^^^^^^^^^^^^^^^^^^^^^^
  File "/home/kyle/kimfresh/backend/venv/lib/python3.12/site-packages/flask_limiter/_limits.py", line 324, in __inner
    self.limiter._check_request_limit(in_middleware=False, callable_name=name)
  File "/home/kyle/kimfresh/backend/venv/lib/python3.12/site-packages/flask_limiter/_extension.py", line 1156, in _check_request_limit
    raise e
  File "/home/kyle/kimfresh/backend/venv/lib/python3.12/site-packages/flask_limiter/_extension.py", line 1153, in _check_request_limit
    self.__evaluate_limits(endpoint, all_limits)
  File "/home/kyle/kimfresh/backend/venv/lib/python3.12/site-packages/flask_limiter/_extension.py", line 1137, in __evaluate_limits
    raise RateLimitExceeded(
flask_limiter.errors.RateLimitExceeded: 429 Too Many Requests: 5 per 15 minute
[2026-09-24 09:08:36,646] ERROR in app: Unhandled exception: 429 Too Many Requests: 5 per 15 minute
Traceback (most recent call last):
  File "/home/kyle/kimfresh/backend/venv/lib/python3.12/site-packages/flask/app.py", line 917, in full_dispatch_request
    rv = self.dispatch_request()
         ^^^^^^^^^^^^^^^^^^^^^^^
  File "/home/kyle/kimfresh/backend/venv/lib/python3.12/site-packages/flask/app.py", line 902, in dispatch_request
    return self.ensure_sync(self.view_functions[rule.endpoint])(**view_args)  # type: ignore[no-any-return]
           ^^^^^^^^^^^^^^^^^^^^^^^^^^^^^^^^^^^^^^^^^^^^^^^^^^^^^^^^^^^^^^^^^
  File "/home/kyle/kimfresh/backend/venv/lib/python3.12/site-packages/flask_limiter/_limits.py", line 324, in __inner
    self.limiter._check_request_limit(in_middleware=False, callable_name=name)
  File "/home/kyle/kimfresh/backend/venv/lib/python3.12/site-packages/flask_limiter/_extension.py", line 1156, in _check_request_limit
    raise e
  File "/home/kyle/kimfresh/backend/venv/lib/python3.12/site-packages/flask_limiter/_extension.py", line 1153, in _check_request_limit
    self.__evaluate_limits(endpoint, all_limits)
  File "/home/kyle/kimfresh/backend/venv/lib/python3.12/site-packages/flask_limiter/_extension.py", line 1137, in __evaluate_limits
    raise RateLimitExceeded(
flask_limiter.errors.RateLimitExceeded: 429 Too Many Requests: 5 per 15 minute
[2026-09-24 09:08:37,568] ERROR in app: Unhandled exception: 429 Too Many Requests: 5 per 15 minute
Traceback (most recent call last):
  File "/home/kyle/kimfresh/backend/venv/lib/python3.12/site-packages/flask/app.py", line 917, in full_dispatch_request
    rv = self.dispatch_request()
         ^^^^^^^^^^^^^^^^^^^^^^^
  File "/home/kyle/kimfresh/backend/venv/lib/python3.12/site-packages/flask/app.py", line 902, in dispatch_request
    return self.ensure_sync(self.view_functions[rule.endpoint])(**view_args)  # type: ignore[no-any-return]
           ^^^^^^^^^^^^^^^^^^^^^^^^^^^^^^^^^^^^^^^^^^^^^^^^^^^^^^^^^^^^^^^^^
  File "/home/kyle/kimfresh/backend/venv/lib/python3.12/site-packages/flask_limiter/_limits.py", line 324, in __inner
    self.limiter._check_request_limit(in_middleware=False, callable_name=name)
  File "/home/kyle/kimfresh/backend/venv/lib/python3.12/site-packages/flask_limiter/_extension.py", line 1156, in _check_request_limit
    raise e
  File "/home/kyle/kimfresh/backend/venv/lib/python3.12/site-packages/flask_limiter/_extension.py", line 1153, in _check_request_limit
    self.__evaluate_limits(endpoint, all_limits)
  File "/home/kyle/kimfresh/backend/venv/lib/python3.12/site-packages/flask_limiter/_extension.py", line 1137, in __evaluate_limits
    raise RateLimitExceeded(
flask_limiter.errors.RateLimitExceeded: 429 Too Many Requests: 5 per 15 minute
[2026-09-24 09:08:54,419] ERROR in app: Unhandled exception: 429 Too Many Requests: 5 per 15 minute
Traceback (most recent call last):
  File "/home/kyle/kimfresh/backend/venv/lib/python3.12/site-packages/flask/app.py", line 917, in full_dispatch_request
    rv = self.dispatch_request()
         ^^^^^^^^^^^^^^^^^^^^^^^
  File "/home/kyle/kimfresh/backend/venv/lib/python3.12/site-packages/flask/app.py", line 902, in dispatch_request
    return self.ensure_sync(self.view_functions[rule.endpoint])(**view_args)  # type: ignore[no-any-return]
           ^^^^^^^^^^^^^^^^^^^^^^^^^^^^^^^^^^^^^^^^^^^^^^^^^^^^^^^^^^^^^^^^^
  File "/home/kyle/kimfresh/backend/venv/lib/python3.12/site-packages/flask_limiter/_limits.py", line 324, in __inner
    self.limiter._check_request_limit(in_middleware=False, callable_name=name)
  File "/home/kyle/kimfresh/backend/venv/lib/python3.12/site-packages/flask_limiter/_extension.py", line 1156, in _check_request_limit
    raise e
  File "/home/kyle/kimfresh/backend/venv/lib/python3.12/site-packages/flask_limiter/_extension.py", line 1153, in _check_request_limit
    self.__evaluate_limits(endpoint, all_limits)
  File "/home/kyle/kimfresh/backend/venv/lib/python3.12/site-packages/flask_limiter/_extension.py", line 1137, in __evaluate_limits
    raise RateLimitExceeded(
flask_limiter.errors.RateLimitExceeded: 429 Too Many Requests: 5 per 15 minute
[2026-09-24 09:08:56,921] ERROR in app: Unhandled exception: 404 Not Found: The requested URL was not found on the server. If you entered the URL manually please check your spelling and try again.
Traceback (most recent call last):
  File "/home/kyle/kimfresh/backend/venv/lib/python3.12/site-packages/flask/app.py", line 917, in full_dispatch_request
    rv = self.dispatch_request()
         ^^^^^^^^^^^^^^^^^^^^^^^
  File "/home/kyle/kimfresh/backend/venv/lib/python3.12/site-packages/flask/app.py", line 891, in dispatch_request
    self.raise_routing_exception(req)
  File "/home/kyle/kimfresh/backend/venv/lib/python3.12/site-packages/flask/app.py", line 500, in raise_routing_exception
    raise request.routing_exception  # type: ignore[misc]
    ^^^^^^^^^^^^^^^^^^^^^^^^^^^^^^^
  File "/home/kyle/kimfresh/backend/venv/lib/python3.12/site-packages/flask/ctx.py", line 362, in match_request
    result = self.url_adapter.match(return_rule=True)  # type: ignore
             ^^^^^^^^^^^^^^^^^^^^^^^^^^^^^^^^^^^^^^^^
  File "/home/kyle/kimfresh/backend/venv/lib/python3.12/site-packages/werkzeug/routing/map.py", line 629, in match
    raise NotFound() from None
werkzeug.exceptions.NotFound: 404 Not Found: The requested URL was not found on the server. If you entered the URL manually please check your spelling and try again.
[2026-09-24 09:09:39,355] ERROR in app: Unhandled exception: 429 Too Many Requests: 5 per 15 minute
Traceback (most recent call last):
  File "/home/kyle/kimfresh/backend/venv/lib/python3.12/site-packages/flask/app.py", line 917, in full_dispatch_request
    rv = self.dispatch_request()
         ^^^^^^^^^^^^^^^^^^^^^^^
  File "/home/kyle/kimfresh/backend/venv/lib/python3.12/site-packages/flask/app.py", line 902, in dispatch_request
    return self.ensure_sync(self.view_functions[rule.endpoint])(**view_args)  # type: ignore[no-any-return]
           ^^^^^^^^^^^^^^^^^^^^^^^^^^^^^^^^^^^^^^^^^^^^^^^^^^^^^^^^^^^^^^^^^
  File "/home/kyle/kimfresh/backend/venv/lib/python3.12/site-packages/flask_limiter/_limits.py", line 324, in __inner
    self.limiter._check_request_limit(in_middleware=False, callable_name=name)
  File "/home/kyle/kimfresh/backend/venv/lib/python3.12/site-packages/flask_limiter/_extension.py", line 1156, in _check_request_limit
    raise e
  File "/home/kyle/kimfresh/backend/venv/lib/python3.12/site-packages/flask_limiter/_extension.py", line 1153, in _check_request_limit
    self.__evaluate_limits(endpoint, all_limits)
  File "/home/kyle/kimfresh/backend/venv/lib/python3.12/site-packages/flask_limiter/_extension.py", line 1137, in __evaluate_limits
    raise RateLimitExceeded(
flask_limiter.errors.RateLimitExceeded: 429 Too Many Requests: 5 per 15 minute
[2026-09-24 09:09:54,982] ERROR in app: Unhandled exception: 429 Too Many Requests: 5 per 15 minute
Traceback (most recent call last):
  File "/home/kyle/kimfresh/backend/venv/lib/python3.12/site-packages/flask/app.py", line 917, in full_dispatch_request
    rv = self.dispatch_request()
         ^^^^^^^^^^^^^^^^^^^^^^^
  File "/home/kyle/kimfresh/backend/venv/lib/python3.12/site-packages/flask/app.py", line 902, in dispatch_request
    return self.ensure_sync(self.view_functions[rule.endpoint])(**view_args)  # type: ignore[no-any-return]
           ^^^^^^^^^^^^^^^^^^^^^^^^^^^^^^^^^^^^^^^^^^^^^^^^^^^^^^^^^^^^^^^^^
  File "/home/kyle/kimfresh/backend/venv/lib/python3.12/site-packages/flask_limiter/_limits.py", line 324, in __inner
    self.limiter._check_request_limit(in_middleware=False, callable_name=name)
  File "/home/kyle/kimfresh/backend/venv/lib/python3.12/site-packages/flask_limiter/_extension.py", line 1156, in _check_request_limit
    raise e
  File "/home/kyle/kimfresh/backend/venv/lib/python3.12/site-packages/flask_limiter/_extension.py", line 1153, in _check_request_limit
    self.__evaluate_limits(endpoint, all_limits)
  File "/home/kyle/kimfresh/backend/venv/lib/python3.12/site-packages/flask_limiter/_extension.py", line 1137, in __evaluate_limits
    raise RateLimitExceeded(
flask_limiter.errors.RateLimitExceeded: 429 Too Many Requests: 5 per 15 minute
[2026-09-24 09:10:41,881] ERROR in app: Unhandled exception: 429 Too Many Requests: 5 per 15 minute
Traceback (most recent call last):
  File "/home/kyle/kimfresh/backend/venv/lib/python3.12/site-packages/flask/app.py", line 917, in full_dispatch_request
    rv = self.dispatch_request()
         ^^^^^^^^^^^^^^^^^^^^^^^
  File "/home/kyle/kimfresh/backend/venv/lib/python3.12/site-packages/flask/app.py", line 902, in dispatch_request
    return self.ensure_sync(self.view_functions[rule.endpoint])(**view_args)  # type: ignore[no-any-return]
           ^^^^^^^^^^^^^^^^^^^^^^^^^^^^^^^^^^^^^^^^^^^^^^^^^^^^^^^^^^^^^^^^^
  File "/home/kyle/kimfresh/backend/venv/lib/python3.12/site-packages/flask_limiter/_limits.py", line 324, in __inner
    self.limiter._check_request_limit(in_middleware=False, callable_name=name)
  File "/home/kyle/kimfresh/backend/venv/lib/python3.12/site-packages/flask_limiter/_extension.py", line 1156, in _check_request_limit
    raise e
  File "/home/kyle/kimfresh/backend/venv/lib/python3.12/site-packages/flask_limiter/_extension.py", line 1153, in _check_request_limit
    self.__evaluate_limits(endpoint, all_limits)
  File "/home/kyle/kimfresh/backend/venv/lib/python3.12/site-packages/flask_limiter/_extension.py", line 1137, in __evaluate_limits
    raise RateLimitExceeded(
flask_limiter.errors.RateLimitExceeded: 429 Too Many Requests: 5 per 15 minute
[2026-09-24 09:10:42,006] ERROR in app: Unhandled exception: 429 Too Many Requests: 5 per 15 minute
Traceback (most recent call last):
  File "/home/kyle/kimfresh/backend/venv/lib/python3.12/site-packages/flask/app.py", line 917, in full_dispatch_request
    rv = self.dispatch_request()
         ^^^^^^^^^^^^^^^^^^^^^^^
  File "/home/kyle/kimfresh/backend/venv/lib/python3.12/site-packages/flask/app.py", line 902, in dispatch_request
    return self.ensure_sync(self.view_functions[rule.endpoint])(**view_args)  # type: ignore[no-any-return]
           ^^^^^^^^^^^^^^^^^^^^^^^^^^^^^^^^^^^^^^^^^^^^^^^^^^^^^^^^^^^^^^^^^
  File "/home/kyle/kimfresh/backend/venv/lib/python3.12/site-packages/flask_limiter/_limits.py", line 324, in __inner
    self.limiter._check_request_limit(in_middleware=False, callable_name=name)
  File "/home/kyle/kimfresh/backend/venv/lib/python3.12/site-packages/flask_limiter/_extension.py", line 1156, in _check_request_limit
    raise e
  File "/home/kyle/kimfresh/backend/venv/lib/python3.12/site-packages/flask_limiter/_extension.py", line 1153, in _check_request_limit
    self.__evaluate_limits(endpoint, all_limits)
  File "/home/kyle/kimfresh/backend/venv/lib/python3.12/site-packages/flask_limiter/_extension.py", line 1137, in __evaluate_limits
    raise RateLimitExceeded(
flask_limiter.errors.RateLimitExceeded: 429 Too Many Requests: 5 per 15 minute
[2026-09-24 09:11:05,741] ERROR in app: Unhandled exception: 429 Too Many Requests: 5 per 15 minute
Traceback (most recent call last):
  File "/home/kyle/kimfresh/backend/venv/lib/python3.12/site-packages/flask/app.py", line 917, in full_dispatch_request
    rv = self.dispatch_request()
         ^^^^^^^^^^^^^^^^^^^^^^^
  File "/home/kyle/kimfresh/backend/venv/lib/python3.12/site-packages/flask/app.py", line 902, in dispatch_request
    return self.ensure_sync(self.view_functions[rule.endpoint])(**view_args)  # type: ignore[no-any-return]
           ^^^^^^^^^^^^^^^^^^^^^^^^^^^^^^^^^^^^^^^^^^^^^^^^^^^^^^^^^^^^^^^^^
  File "/home/kyle/kimfresh/backend/venv/lib/python3.12/site-packages/flask_limiter/_limits.py", line 324, in __inner
    self.limiter._check_request_limit(in_middleware=False, callable_name=name)
  File "/home/kyle/kimfresh/backend/venv/lib/python3.12/site-packages/flask_limiter/_extension.py", line 1156, in _check_request_limit
    raise e
  File "/home/kyle/kimfresh/backend/venv/lib/python3.12/site-packages/flask_limiter/_extension.py", line 1153, in _check_request_limit
    self.__evaluate_limits(endpoint, all_limits)
  File "/home/kyle/kimfresh/backend/venv/lib/python3.12/site-packages/flask_limiter/_extension.py", line 1137, in __evaluate_limits
    raise RateLimitExceeded(
flask_limiter.errors.RateLimitExceeded: 429 Too Many Requests: 5 per 15 minute
[2026-09-24 09:13:13,434] ERROR in app: Unhandled exception: 429 Too Many Requests: 5 per 15 minute
Traceback (most recent call last):
  File "/home/kyle/kimfresh/backend/venv/lib/python3.12/site-packages/flask/app.py", line 917, in full_dispatch_request
    rv = self.dispatch_request()
         ^^^^^^^^^^^^^^^^^^^^^^^
  File "/home/kyle/kimfresh/backend/venv/lib/python3.12/site-packages/flask/app.py", line 902, in dispatch_request
    return self.ensure_sync(self.view_functions[rule.endpoint])(**view_args)  # type: ignore[no-any-return]
           ^^^^^^^^^^^^^^^^^^^^^^^^^^^^^^^^^^^^^^^^^^^^^^^^^^^^^^^^^^^^^^^^^
  File "/home/kyle/kimfresh/backend/venv/lib/python3.12/site-packages/flask_limiter/_limits.py", line 324, in __inner
    self.limiter._check_request_limit(in_middleware=False, callable_name=name)
  File "/home/kyle/kimfresh/backend/venv/lib/python3.12/site-packages/flask_limiter/_extension.py", line 1156, in _check_request_limit
    raise e
  File "/home/kyle/kimfresh/backend/venv/lib/python3.12/site-packages/flask_limiter/_extension.py", line 1153, in _check_request_limit
    self.__evaluate_limits(endpoint, all_limits)
  File "/home/kyle/kimfresh/backend/venv/lib/python3.12/site-packages/flask_limiter/_extension.py", line 1137, in __evaluate_limits
    raise RateLimitExceeded(
flask_limiter.errors.RateLimitExceeded: 429 Too Many Requests: 5 per 15 minute
[2026-09-24 09:13:13,507] ERROR in app: Unhandled exception: 429 Too Many Requests: 5 per 15 minute
Traceback (most recent call last):
  File "/home/kyle/kimfresh/backend/venv/lib/python3.12/site-packages/flask/app.py", line 917, in full_dispatch_request
    rv = self.dispatch_request()
         ^^^^^^^^^^^^^^^^^^^^^^^
  File "/home/kyle/kimfresh/backend/venv/lib/python3.12/site-packages/flask/app.py", line 902, in dispatch_request
    return self.ensure_sync(self.view_functions[rule.endpoint])(**view_args)  # type: ignore[no-any-return]
           ^^^^^^^^^^^^^^^^^^^^^^^^^^^^^^^^^^^^^^^^^^^^^^^^^^^^^^^^^^^^^^^^^
  File "/home/kyle/kimfresh/backend/venv/lib/python3.12/site-packages/flask_limiter/_limits.py", line 324, in __inner
    self.limiter._check_request_limit(in_middleware=False, callable_name=name)
  File "/home/kyle/kimfresh/backend/venv/lib/python3.12/site-packages/flask_limiter/_extension.py", line 1156, in _check_request_limit
    raise e
  File "/home/kyle/kimfresh/backend/venv/lib/python3.12/site-packages/flask_limiter/_extension.py", line 1153, in _check_request_limit
    self.__evaluate_limits(endpoint, all_limits)
  File "/home/kyle/kimfresh/backend/venv/lib/python3.12/site-packages/flask_limiter/_extension.py", line 1137, in __evaluate_limits
    raise RateLimitExceeded(
flask_limiter.errors.RateLimitExceeded: 429 Too Many Requests: 5 per 15 minute
[2026-09-24 09:13:13,588] ERROR in app: Unhandled exception: 429 Too Many Requests: 5 per 15 minute
Traceback (most recent call last):
  File "/home/kyle/kimfresh/backend/venv/lib/python3.12/site-packages/flask/app.py", line 917, in full_dispatch_request
    rv = self.dispatch_request()
         ^^^^^^^^^^^^^^^^^^^^^^^
  File "/home/kyle/kimfresh/backend/venv/lib/python3.12/site-packages/flask/app.py", line 902, in dispatch_request
    return self.ensure_sync(self.view_functions[rule.endpoint])(**view_args)  # type: ignore[no-any-return]
           ^^^^^^^^^^^^^^^^^^^^^^^^^^^^^^^^^^^^^^^^^^^^^^^^^^^^^^^^^^^^^^^^^
  File "/home/kyle/kimfresh/backend/venv/lib/python3.12/site-packages/flask_limiter/_limits.py", line 324, in __inner
    self.limiter._check_request_limit(in_middleware=False, callable_name=name)
  File "/home/kyle/kimfresh/backend/venv/lib/python3.12/site-packages/flask_limiter/_extension.py", line 1156, in _check_request_limit
    raise e
  File "/home/kyle/kimfresh/backend/venv/lib/python3.12/site-packages/flask_limiter/_extension.py", line 1153, in _check_request_limit
    self.__evaluate_limits(endpoint, all_limits)
  File "/home/kyle/kimfresh/backend/venv/lib/python3.12/site-packages/flask_limiter/_extension.py", line 1137, in __evaluate_limits
    raise RateLimitExceeded(
flask_limiter.errors.RateLimitExceeded: 429 Too Many Requests: 5 per 15 minute
[2026-09-24 09:13:13,843] ERROR in app: Unhandled exception: 429 Too Many Requests: 5 per 15 minute
Traceback (most recent call last):
  File "/home/kyle/kimfresh/backend/venv/lib/python3.12/site-packages/flask/app.py", line 917, in full_dispatch_request
    rv = self.dispatch_request()
         ^^^^^^^^^^^^^^^^^^^^^^^
  File "/home/kyle/kimfresh/backend/venv/lib/python3.12/site-packages/flask/app.py", line 902, in dispatch_request
    return self.ensure_sync(self.view_functions[rule.endpoint])(**view_args)  # type: ignore[no-any-return]
           ^^^^^^^^^^^^^^^^^^^^^^^^^^^^^^^^^^^^^^^^^^^^^^^^^^^^^^^^^^^^^^^^^
  File "/home/kyle/kimfresh/backend/venv/lib/python3.12/site-packages/flask_limiter/_limits.py", line 324, in __inner
    self.limiter._check_request_limit(in_middleware=False, callable_name=name)
  File "/home/kyle/kimfresh/backend/venv/lib/python3.12/site-packages/flask_limiter/_extension.py", line 1156, in _check_request_limit
    raise e
  File "/home/kyle/kimfresh/backend/venv/lib/python3.12/site-packages/flask_limiter/_extension.py", line 1153, in _check_request_limit
    self.__evaluate_limits(endpoint, all_limits)
  File "/home/kyle/kimfresh/backend/venv/lib/python3.12/site-packages/flask_limiter/_extension.py", line 1137, in __evaluate_limits
    raise RateLimitExceeded(
flask_limiter.errors.RateLimitExceeded: 429 Too Many Requests: 5 per 15 minute
[2026-09-24 09:13:54,189] ERROR in app: Unhandled exception: 429 Too Many Requests: 5 per 15 minute
Traceback (most recent call last):
  File "/home/kyle/kimfresh/backend/venv/lib/python3.12/site-packages/flask/app.py", line 917, in full_dispatch_request
    rv = self.dispatch_request()
         ^^^^^^^^^^^^^^^^^^^^^^^
  File "/home/kyle/kimfresh/backend/venv/lib/python3.12/site-packages/flask/app.py", line 902, in dispatch_request
    return self.ensure_sync(self.view_functions[rule.endpoint])(**view_args)  # type: ignore[no-any-return]
           ^^^^^^^^^^^^^^^^^^^^^^^^^^^^^^^^^^^^^^^^^^^^^^^^^^^^^^^^^^^^^^^^^
  File "/home/kyle/kimfresh/backend/venv/lib/python3.12/site-packages/flask_limiter/_limits.py", line 324, in __inner
    self.limiter._check_request_limit(in_middleware=False, callable_name=name)
  File "/home/kyle/kimfresh/backend/venv/lib/python3.12/site-packages/flask_limiter/_extension.py", line 1156, in _check_request_limit
    raise e
  File "/home/kyle/kimfresh/backend/venv/lib/python3.12/site-packages/flask_limiter/_extension.py", line 1153, in _check_request_limit
    self.__evaluate_limits(endpoint, all_limits)
  File "/home/kyle/kimfresh/backend/venv/lib/python3.12/site-packages/flask_limiter/_extension.py", line 1137, in __evaluate_limits
    raise RateLimitExceeded(
flask_limiter.errors.RateLimitExceeded: 429 Too Many Requests: 5 per 15 minute
[2026-09-24 09:15:08,836] ERROR in app: Unhandled exception: 429 Too Many Requests: 5 per 15 minute
Traceback (most recent call last):
  File "/home/kyle/kimfresh/backend/venv/lib/python3.12/site-packages/flask/app.py", line 917, in full_dispatch_request
    rv = self.dispatch_request()
         ^^^^^^^^^^^^^^^^^^^^^^^
  File "/home/kyle/kimfresh/backend/venv/lib/python3.12/site-packages/flask/app.py", line 902, in dispatch_request
    return self.ensure_sync(self.view_functions[rule.endpoint])(**view_args)  # type: ignore[no-any-return]
           ^^^^^^^^^^^^^^^^^^^^^^^^^^^^^^^^^^^^^^^^^^^^^^^^^^^^^^^^^^^^^^^^^
  File "/home/kyle/kimfresh/backend/venv/lib/python3.12/site-packages/flask_limiter/_limits.py", line 324, in __inner
    self.limiter._check_request_limit(in_middleware=False, callable_name=name)
  File "/home/kyle/kimfresh/backend/venv/lib/python3.12/site-packages/flask_limiter/_extension.py", line 1156, in _check_request_limit
    raise e
  File "/home/kyle/kimfresh/backend/venv/lib/python3.12/site-packages/flask_limiter/_extension.py", line 1153, in _check_request_limit
    self.__evaluate_limits(endpoint, all_limits)
  File "/home/kyle/kimfresh/backend/venv/lib/python3.12/site-packages/flask_limiter/_extension.py", line 1137, in __evaluate_limits
    raise RateLimitExceeded(
flask_limiter.errors.RateLimitExceeded: 429 Too Many Requests: 5 per 15 minute
[2026-09-24 09:15:11,804] ERROR in app: Unhandled exception: 404 Not Found: The requested URL was not found on the server. If you entered the URL manually please check your spelling and try again.
Traceback (most recent call last):
  File "/home/kyle/kimfresh/backend/venv/lib/python3.12/site-packages/flask/app.py", line 917, in full_dispatch_request
    rv = self.dispatch_request()
         ^^^^^^^^^^^^^^^^^^^^^^^
  File "/home/kyle/kimfresh/backend/venv/lib/python3.12/site-packages/flask/app.py", line 891, in dispatch_request
    self.raise_routing_exception(req)
  File "/home/kyle/kimfresh/backend/venv/lib/python3.12/site-packages/flask/app.py", line 500, in raise_routing_exception
    raise request.routing_exception  # type: ignore[misc]
    ^^^^^^^^^^^^^^^^^^^^^^^^^^^^^^^
  File "/home/kyle/kimfresh/backend/venv/lib/python3.12/site-packages/flask/ctx.py", line 362, in match_request
    result = self.url_adapter.match(return_rule=True)  # type: ignore
             ^^^^^^^^^^^^^^^^^^^^^^^^^^^^^^^^^^^^^^^^
  File "/home/kyle/kimfresh/backend/venv/lib/python3.12/site-packages/werkzeug/routing/map.py", line 629, in match
    raise NotFound() from None
werkzeug.exceptions.NotFound: 404 Not Found: The requested URL was not found on the server. If you entered the URL manually please check your spelling and try again.
[2026-09-24 09:15:16,613] ERROR in app: Unhandled exception: 404 Not Found: The requested URL was not found on the server. If you entered the URL manually please check your spelling and try again.
Traceback (most recent call last):
  File "/home/kyle/kimfresh/backend/venv/lib/python3.12/site-packages/flask/app.py", line 917, in full_dispatch_request
    rv = self.dispatch_request()
         ^^^^^^^^^^^^^^^^^^^^^^^
  File "/home/kyle/kimfresh/backend/venv/lib/python3.12/site-packages/flask/app.py", line 891, in dispatch_request
    self.raise_routing_exception(req)
  File "/home/kyle/kimfresh/backend/venv/lib/python3.12/site-packages/flask/app.py", line 500, in raise_routing_exception
    raise request.routing_exception  # type: ignore[misc]
    ^^^^^^^^^^^^^^^^^^^^^^^^^^^^^^^
  File "/home/kyle/kimfresh/backend/venv/lib/python3.12/site-packages/flask/ctx.py", line 362, in match_request
    result = self.url_adapter.match(return_rule=True)  # type: ignore
             ^^^^^^^^^^^^^^^^^^^^^^^^^^^^^^^^^^^^^^^^
  File "/home/kyle/kimfresh/backend/venv/lib/python3.12/site-packages/werkzeug/routing/map.py", line 629, in match
    raise NotFound() from None
werkzeug.exceptions.NotFound: 404 Not Found: The requested URL was not found on the server. If you entered the URL manually please check your spelling and try again.
[2026-09-24 09:15:16,681] ERROR in app: Unhandled exception: 429 Too Many Requests: 5 per 15 minute
Traceback (most recent call last):
  File "/home/kyle/kimfresh/backend/venv/lib/python3.12/site-packages/flask/app.py", line 917, in full_dispatch_request
    rv = self.dispatch_request()
         ^^^^^^^^^^^^^^^^^^^^^^^
  File "/home/kyle/kimfresh/backend/venv/lib/python3.12/site-packages/flask/app.py", line 902, in dispatch_request
    return self.ensure_sync(self.view_functions[rule.endpoint])(**view_args)  # type: ignore[no-any-return]
           ^^^^^^^^^^^^^^^^^^^^^^^^^^^^^^^^^^^^^^^^^^^^^^^^^^^^^^^^^^^^^^^^^
  File "/home/kyle/kimfresh/backend/venv/lib/python3.12/site-packages/flask_limiter/_limits.py", line 324, in __inner
    self.limiter._check_request_limit(in_middleware=False, callable_name=name)
  File "/home/kyle/kimfresh/backend/venv/lib/python3.12/site-packages/flask_limiter/_extension.py", line 1156, in _check_request_limit
    raise e
  File "/home/kyle/kimfresh/backend/venv/lib/python3.12/site-packages/flask_limiter/_extension.py", line 1153, in _check_request_limit
    self.__evaluate_limits(endpoint, all_limits)
  File "/home/kyle/kimfresh/backend/venv/lib/python3.12/site-packages/flask_limiter/_extension.py", line 1137, in __evaluate_limits
    raise RateLimitExceeded(
flask_limiter.errors.RateLimitExceeded: 429 Too Many Requests: 5 per 15 minute
[2026-09-24 09:15:21,924] ERROR in app: Unhandled exception: 429 Too Many Requests: 5 per 15 minute
Traceback (most recent call last):
  File "/home/kyle/kimfresh/backend/venv/lib/python3.12/site-packages/flask/app.py", line 917, in full_dispatch_request
    rv = self.dispatch_request()
         ^^^^^^^^^^^^^^^^^^^^^^^
  File "/home/kyle/kimfresh/backend/venv/lib/python3.12/site-packages/flask/app.py", line 902, in dispatch_request
    return self.ensure_sync(self.view_functions[rule.endpoint])(**view_args)  # type: ignore[no-any-return]
           ^^^^^^^^^^^^^^^^^^^^^^^^^^^^^^^^^^^^^^^^^^^^^^^^^^^^^^^^^^^^^^^^^
  File "/home/kyle/kimfresh/backend/venv/lib/python3.12/site-packages/flask_limiter/_limits.py", line 324, in __inner
    self.limiter._check_request_limit(in_middleware=False, callable_name=name)
  File "/home/kyle/kimfresh/backend/venv/lib/python3.12/site-packages/flask_limiter/_extension.py", line 1156, in _check_request_limit
    raise e
  File "/home/kyle/kimfresh/backend/venv/lib/python3.12/site-packages/flask_limiter/_extension.py", line 1153, in _check_request_limit
    self.__evaluate_limits(endpoint, all_limits)
  File "/home/kyle/kimfresh/backend/venv/lib/python3.12/site-packages/flask_limiter/_extension.py", line 1137, in __evaluate_limits
    raise RateLimitExceeded(
flask_limiter.errors.RateLimitExceeded: 429 Too Many Requests: 5 per 15 minute
[2026-09-24 09:15:41,090] ERROR in app: Unhandled exception: 429 Too Many Requests: 5 per 15 minute
Traceback (most recent call last):
  File "/home/kyle/kimfresh/backend/venv/lib/python3.12/site-packages/flask/app.py", line 917, in full_dispatch_request
    rv = self.dispatch_request()
         ^^^^^^^^^^^^^^^^^^^^^^^
  File "/home/kyle/kimfresh/backend/venv/lib/python3.12/site-packages/flask/app.py", line 902, in dispatch_request
    return self.ensure_sync(self.view_functions[rule.endpoint])(**view_args)  # type: ignore[no-any-return]
           ^^^^^^^^^^^^^^^^^^^^^^^^^^^^^^^^^^^^^^^^^^^^^^^^^^^^^^^^^^^^^^^^^
  File "/home/kyle/kimfresh/backend/venv/lib/python3.12/site-packages/flask_limiter/_limits.py", line 324, in __inner
    self.limiter._check_request_limit(in_middleware=False, callable_name=name)
  File "/home/kyle/kimfresh/backend/venv/lib/python3.12/site-packages/flask_limiter/_extension.py", line 1156, in _check_request_limit
    raise e
  File "/home/kyle/kimfresh/backend/venv/lib/python3.12/site-packages/flask_limiter/_extension.py", line 1153, in _check_request_limit
    self.__evaluate_limits(endpoint, all_limits)
  File "/home/kyle/kimfresh/backend/venv/lib/python3.12/site-packages/flask_limiter/_extension.py", line 1137, in __evaluate_limits
    raise RateLimitExceeded(
flask_limiter.errors.RateLimitExceeded: 429 Too Many Requests: 5 per 15 minute
[2026-09-24 09:16:05,973] ERROR in app: Unhandled exception: 429 Too Many Requests: 5 per 15 minute
Traceback (most recent call last):
  File "/home/kyle/kimfresh/backend/venv/lib/python3.12/site-packages/flask/app.py", line 917, in full_dispatch_request
    rv = self.dispatch_request()
         ^^^^^^^^^^^^^^^^^^^^^^^
  File "/home/kyle/kimfresh/backend/venv/lib/python3.12/site-packages/flask/app.py", line 902, in dispatch_request
    return self.ensure_sync(self.view_functions[rule.endpoint])(**view_args)  # type: ignore[no-any-return]
           ^^^^^^^^^^^^^^^^^^^^^^^^^^^^^^^^^^^^^^^^^^^^^^^^^^^^^^^^^^^^^^^^^
  File "/home/kyle/kimfresh/backend/venv/lib/python3.12/site-packages/flask_limiter/_limits.py", line 324, in __inner
    self.limiter._check_request_limit(in_middleware=False, callable_name=name)
  File "/home/kyle/kimfresh/backend/venv/lib/python3.12/site-packages/flask_limiter/_extension.py", line 1156, in _check_request_limit
    raise e
  File "/home/kyle/kimfresh/backend/venv/lib/python3.12/site-packages/flask_limiter/_extension.py", line 1153, in _check_request_limit
    self.__evaluate_limits(endpoint, all_limits)
  File "/home/kyle/kimfresh/backend/venv/lib/python3.12/site-packages/flask_limiter/_extension.py", line 1137, in __evaluate_limits
    raise RateLimitExceeded(
flask_limiter.errors.RateLimitExceeded: 429 Too Many Requests: 5 per 15 minute
[2026-09-24 09:20:02,201] ERROR in app: Unhandled exception: 404 Not Found: The requested URL was not found on the server. If you entered the URL manually please check your spelling and try again.
Traceback (most recent call last):
  File "/home/kyle/kimfresh/backend/venv/lib/python3.12/site-packages/flask/app.py", line 917, in full_dispatch_request
    rv = self.dispatch_request()
         ^^^^^^^^^^^^^^^^^^^^^^^
  File "/home/kyle/kimfresh/backend/venv/lib/python3.12/site-packages/flask/app.py", line 891, in dispatch_request
    self.raise_routing_exception(req)
  File "/home/kyle/kimfresh/backend/venv/lib/python3.12/site-packages/flask/app.py", line 500, in raise_routing_exception
    raise request.routing_exception  # type: ignore[misc]
    ^^^^^^^^^^^^^^^^^^^^^^^^^^^^^^^
  File "/home/kyle/kimfresh/backend/venv/lib/python3.12/site-packages/flask/ctx.py", line 362, in match_request
    result = self.url_adapter.match(return_rule=True)  # type: ignore
             ^^^^^^^^^^^^^^^^^^^^^^^^^^^^^^^^^^^^^^^^
  File "/home/kyle/kimfresh/backend/venv/lib/python3.12/site-packages/werkzeug/routing/map.py", line 629, in match
    raise NotFound() from None
werkzeug.exceptions.NotFound: 404 Not Found: The requested URL was not found on the server. If you entered the URL manually please check your spelling and try again.
[2026-09-24 09:20:22,954] INFO in auth: Login success: admin@kimfresh.com as admin
[2026-09-24 09:20:23,408] ERROR in app: Unhandled exception: 404 Not Found: The requested URL was not found on the server. If you entered the URL manually please check your spelling and try again.
Traceback (most recent call last):
  File "/home/kyle/kimfresh/backend/venv/lib/python3.12/site-packages/flask/app.py", line 917, in full_dispatch_request
    rv = self.dispatch_request()
         ^^^^^^^^^^^^^^^^^^^^^^^
  File "/home/kyle/kimfresh/backend/venv/lib/python3.12/site-packages/flask/app.py", line 891, in dispatch_request
    self.raise_routing_exception(req)
  File "/home/kyle/kimfresh/backend/venv/lib/python3.12/site-packages/flask/app.py", line 500, in raise_routing_exception
    raise request.routing_exception  # type: ignore[misc]
    ^^^^^^^^^^^^^^^^^^^^^^^^^^^^^^^
  File "/home/kyle/kimfresh/backend/venv/lib/python3.12/site-packages/flask/ctx.py", line 362, in match_request
    result = self.url_adapter.match(return_rule=True)  # type: ignore
             ^^^^^^^^^^^^^^^^^^^^^^^^^^^^^^^^^^^^^^^^
  File "/home/kyle/kimfresh/backend/venv/lib/python3.12/site-packages/werkzeug/routing/map.py", line 629, in match
    raise NotFound() from None
werkzeug.exceptions.NotFound: 404 Not Found: The requested URL was not found on the server. If you entered the URL manually please check your spelling and try again.
[2026-09-24 09:20:38,869] ERROR in app: Unhandled exception: 404 Not Found: The requested URL was not found on the server. If you entered the URL manually please check your spelling and try again.
Traceback (most recent call last):
  File "/home/kyle/kimfresh/backend/venv/lib/python3.12/site-packages/flask/app.py", line 917, in full_dispatch_request
    rv = self.dispatch_request()
         ^^^^^^^^^^^^^^^^^^^^^^^
  File "/home/kyle/kimfresh/backend/venv/lib/python3.12/site-packages/flask/app.py", line 891, in dispatch_request
    self.raise_routing_exception(req)
  File "/home/kyle/kimfresh/backend/venv/lib/python3.12/site-packages/flask/app.py", line 500, in raise_routing_exception
    raise request.routing_exception  # type: ignore[misc]
    ^^^^^^^^^^^^^^^^^^^^^^^^^^^^^^^
  File "/home/kyle/kimfresh/backend/venv/lib/python3.12/site-packages/flask/ctx.py", line 362, in match_request
    result = self.url_adapter.match(return_rule=True)  # type: ignore
             ^^^^^^^^^^^^^^^^^^^^^^^^^^^^^^^^^^^^^^^^
  File "/home/kyle/kimfresh/backend/venv/lib/python3.12/site-packages/werkzeug/routing/map.py", line 629, in match
    raise NotFound() from None
werkzeug.exceptions.NotFound: 404 Not Found: The requested URL was not found on the server. If you entered the URL manually please check your spelling and try again.
[2026-09-24 09:20:40,396] ERROR in app: Unhandled exception: 404 Not Found: The requested URL was not found on the server. If you entered the URL manually please check your spelling and try again.
Traceback (most recent call last):
  File "/home/kyle/kimfresh/backend/venv/lib/python3.12/site-packages/flask/app.py", line 917, in full_dispatch_request
    rv = self.dispatch_request()
         ^^^^^^^^^^^^^^^^^^^^^^^
  File "/home/kyle/kimfresh/backend/venv/lib/python3.12/site-packages/flask/app.py", line 891, in dispatch_request
    self.raise_routing_exception(req)
  File "/home/kyle/kimfresh/backend/venv/lib/python3.12/site-packages/flask/app.py", line 500, in raise_routing_exception
    raise request.routing_exception  # type: ignore[misc]
    ^^^^^^^^^^^^^^^^^^^^^^^^^^^^^^^
  File "/home/kyle/kimfresh/backend/venv/lib/python3.12/site-packages/flask/ctx.py", line 362, in match_request
    result = self.url_adapter.match(return_rule=True)  # type: ignore
             ^^^^^^^^^^^^^^^^^^^^^^^^^^^^^^^^^^^^^^^^
  File "/home/kyle/kimfresh/backend/venv/lib/python3.12/site-packages/werkzeug/routing/map.py", line 629, in match
    raise NotFound() from None
werkzeug.exceptions.NotFound: 404 Not Found: The requested URL was not found on the server. If you entered the URL manually please check your spelling and try again.
[2026-09-24 09:20:41,935] ERROR in app: Unhandled exception: 404 Not Found: The requested URL was not found on the server. If you entered the URL manually please check your spelling and try again.
Traceback (most recent call last):
  File "/home/kyle/kimfresh/backend/venv/lib/python3.12/site-packages/flask/app.py", line 917, in full_dispatch_request
    rv = self.dispatch_request()
         ^^^^^^^^^^^^^^^^^^^^^^^
  File "/home/kyle/kimfresh/backend/venv/lib/python3.12/site-packages/flask/app.py", line 891, in dispatch_request
    self.raise_routing_exception(req)
  File "/home/kyle/kimfresh/backend/venv/lib/python3.12/site-packages/flask/app.py", line 500, in raise_routing_exception
    raise request.routing_exception  # type: ignore[misc]
    ^^^^^^^^^^^^^^^^^^^^^^^^^^^^^^^
  File "/home/kyle/kimfresh/backend/venv/lib/python3.12/site-packages/flask/ctx.py", line 362, in match_request
    result = self.url_adapter.match(return_rule=True)  # type: ignore
             ^^^^^^^^^^^^^^^^^^^^^^^^^^^^^^^^^^^^^^^^
  File "/home/kyle/kimfresh/backend/venv/lib/python3.12/site-packages/werkzeug/routing/map.py", line 629, in match
    raise NotFound() from None
werkzeug.exceptions.NotFound: 404 Not Found: The requested URL was not found on the server. If you entered the URL manually please check your spelling and try again.
[2026-09-24 09:20:47,976] ERROR in app: Unhandled exception: 404 Not Found: The requested URL was not found on the server. If you entered the URL manually please check your spelling and try again.
Traceback (most recent call last):
  File "/home/kyle/kimfresh/backend/venv/lib/python3.12/site-packages/flask/app.py", line 917, in full_dispatch_request
    rv = self.dispatch_request()
         ^^^^^^^^^^^^^^^^^^^^^^^
  File "/home/kyle/kimfresh/backend/venv/lib/python3.12/site-packages/flask/app.py", line 891, in dispatch_request
    self.raise_routing_exception(req)
  File "/home/kyle/kimfresh/backend/venv/lib/python3.12/site-packages/flask/app.py", line 500, in raise_routing_exception
    raise request.routing_exception  # type: ignore[misc]
    ^^^^^^^^^^^^^^^^^^^^^^^^^^^^^^^
  File "/home/kyle/kimfresh/backend/venv/lib/python3.12/site-packages/flask/ctx.py", line 362, in match_request
    result = self.url_adapter.match(return_rule=True)  # type: ignore
             ^^^^^^^^^^^^^^^^^^^^^^^^^^^^^^^^^^^^^^^^
  File "/home/kyle/kimfresh/backend/venv/lib/python3.12/site-packages/werkzeug/routing/map.py", line 629, in match
    raise NotFound() from None
werkzeug.exceptions.NotFound: 404 Not Found: The requested URL was not found on the server. If you entered the URL manually please check your spelling and try again.
[2026-09-24 09:20:51,045] ERROR in app: Unhandled exception: 404 Not Found: The requested URL was not found on the server. If you entered the URL manually please check your spelling and try again.
Traceback (most recent call last):
  File "/home/kyle/kimfresh/backend/venv/lib/python3.12/site-packages/flask/app.py", line 917, in full_dispatch_request
    rv = self.dispatch_request()
         ^^^^^^^^^^^^^^^^^^^^^^^
  File "/home/kyle/kimfresh/backend/venv/lib/python3.12/site-packages/flask/app.py", line 891, in dispatch_request
    self.raise_routing_exception(req)
  File "/home/kyle/kimfresh/backend/venv/lib/python3.12/site-packages/flask/app.py", line 500, in raise_routing_exception
    raise request.routing_exception  # type: ignore[misc]
    ^^^^^^^^^^^^^^^^^^^^^^^^^^^^^^^
  File "/home/kyle/kimfresh/backend/venv/lib/python3.12/site-packages/flask/ctx.py", line 362, in match_request
    result = self.url_adapter.match(return_rule=True)  # type: ignore
             ^^^^^^^^^^^^^^^^^^^^^^^^^^^^^^^^^^^^^^^^
  File "/home/kyle/kimfresh/backend/venv/lib/python3.12/site-packages/werkzeug/routing/map.py", line 629, in match
    raise NotFound() from None
werkzeug.exceptions.NotFound: 404 Not Found: The requested URL was not found on the server. If you entered the URL manually please check your spelling and try again.
[2026-09-24 09:21:31,975] INFO in auth: Login success: driver@kimfresh.com as driver
[2026-09-24 09:22:03,809] WARNING in auth: Login failed: wrong password for retailer@kimfresh.com
[2026-09-24 09:22:05,679] INFO in auth: Login success: retailer@kimfresh.com as retailer
[2026-09-24 09:29:02,131] INFO in auth: Login success: driver@kimfresh.com as driver
[2026-09-24 09:29:25,700] ERROR in app: Unhandled exception: 404 Not Found: The requested URL was not found on the server. If you entered the URL manually please check your spelling and try again.
Traceback (most recent call last):
  File "/home/kyle/kimfresh/backend/venv/lib/python3.12/site-packages/flask/app.py", line 917, in full_dispatch_request
    rv = self.dispatch_request()
         ^^^^^^^^^^^^^^^^^^^^^^^
  File "/home/kyle/kimfresh/backend/venv/lib/python3.12/site-packages/flask/app.py", line 891, in dispatch_request
    self.raise_routing_exception(req)
  File "/home/kyle/kimfresh/backend/venv/lib/python3.12/site-packages/flask/app.py", line 500, in raise_routing_exception
    raise request.routing_exception  # type: ignore[misc]
    ^^^^^^^^^^^^^^^^^^^^^^^^^^^^^^^
  File "/home/kyle/kimfresh/backend/venv/lib/python3.12/site-packages/flask/ctx.py", line 362, in match_request
    result = self.url_adapter.match(return_rule=True)  # type: ignore
             ^^^^^^^^^^^^^^^^^^^^^^^^^^^^^^^^^^^^^^^^
  File "/home/kyle/kimfresh/backend/venv/lib/python3.12/site-packages/werkzeug/routing/map.py", line 629, in match
    raise NotFound() from None
werkzeug.exceptions.NotFound: 404 Not Found: The requested URL was not found on the server. If you entered the URL manually please check your spelling and try again.
[2026-09-24 09:29:27,747] ERROR in app: Unhandled exception: 429 Too Many Requests: 5 per 15 minute
Traceback (most recent call last):
  File "/home/kyle/kimfresh/backend/venv/lib/python3.12/site-packages/flask/app.py", line 917, in full_dispatch_request
    rv = self.dispatch_request()
         ^^^^^^^^^^^^^^^^^^^^^^^
  File "/home/kyle/kimfresh/backend/venv/lib/python3.12/site-packages/flask/app.py", line 902, in dispatch_request
    return self.ensure_sync(self.view_functions[rule.endpoint])(**view_args)  # type: ignore[no-any-return]
           ^^^^^^^^^^^^^^^^^^^^^^^^^^^^^^^^^^^^^^^^^^^^^^^^^^^^^^^^^^^^^^^^^
  File "/home/kyle/kimfresh/backend/venv/lib/python3.12/site-packages/flask_limiter/_limits.py", line 324, in __inner
    self.limiter._check_request_limit(in_middleware=False, callable_name=name)
  File "/home/kyle/kimfresh/backend/venv/lib/python3.12/site-packages/flask_limiter/_extension.py", line 1156, in _check_request_limit
    raise e
  File "/home/kyle/kimfresh/backend/venv/lib/python3.12/site-packages/flask_limiter/_extension.py", line 1153, in _check_request_limit
    self.__evaluate_limits(endpoint, all_limits)
  File "/home/kyle/kimfresh/backend/venv/lib/python3.12/site-packages/flask_limiter/_extension.py", line 1137, in __evaluate_limits
    raise RateLimitExceeded(
flask_limiter.errors.RateLimitExceeded: 429 Too Many Requests: 5 per 15 minute
[2026-09-24 09:29:29,283] ERROR in app: Unhandled exception: 429 Too Many Requests: 5 per 15 minute
Traceback (most recent call last):
  File "/home/kyle/kimfresh/backend/venv/lib/python3.12/site-packages/flask/app.py", line 917, in full_dispatch_request
    rv = self.dispatch_request()
         ^^^^^^^^^^^^^^^^^^^^^^^
  File "/home/kyle/kimfresh/backend/venv/lib/python3.12/site-packages/flask/app.py", line 902, in dispatch_request
    return self.ensure_sync(self.view_functions[rule.endpoint])(**view_args)  # type: ignore[no-any-return]
           ^^^^^^^^^^^^^^^^^^^^^^^^^^^^^^^^^^^^^^^^^^^^^^^^^^^^^^^^^^^^^^^^^
  File "/home/kyle/kimfresh/backend/venv/lib/python3.12/site-packages/flask_limiter/_limits.py", line 324, in __inner
    self.limiter._check_request_limit(in_middleware=False, callable_name=name)
  File "/home/kyle/kimfresh/backend/venv/lib/python3.12/site-packages/flask_limiter/_extension.py", line 1156, in _check_request_limit
    raise e
  File "/home/kyle/kimfresh/backend/venv/lib/python3.12/site-packages/flask_limiter/_extension.py", line 1153, in _check_request_limit
    self.__evaluate_limits(endpoint, all_limits)
  File "/home/kyle/kimfresh/backend/venv/lib/python3.12/site-packages/flask_limiter/_extension.py", line 1137, in __evaluate_limits
    raise RateLimitExceeded(
flask_limiter.errors.RateLimitExceeded: 429 Too Many Requests: 5 per 15 minute
[2026-09-24 09:29:40,139] ERROR in app: Unhandled exception: 429 Too Many Requests: 5 per 15 minute
Traceback (most recent call last):
  File "/home/kyle/kimfresh/backend/venv/lib/python3.12/site-packages/flask/app.py", line 917, in full_dispatch_request
    rv = self.dispatch_request()
         ^^^^^^^^^^^^^^^^^^^^^^^
  File "/home/kyle/kimfresh/backend/venv/lib/python3.12/site-packages/flask/app.py", line 902, in dispatch_request
    return self.ensure_sync(self.view_functions[rule.endpoint])(**view_args)  # type: ignore[no-any-return]
           ^^^^^^^^^^^^^^^^^^^^^^^^^^^^^^^^^^^^^^^^^^^^^^^^^^^^^^^^^^^^^^^^^
  File "/home/kyle/kimfresh/backend/venv/lib/python3.12/site-packages/flask_limiter/_limits.py", line 324, in __inner
    self.limiter._check_request_limit(in_middleware=False, callable_name=name)
  File "/home/kyle/kimfresh/backend/venv/lib/python3.12/site-packages/flask_limiter/_extension.py", line 1156, in _check_request_limit
    raise e
  File "/home/kyle/kimfresh/backend/venv/lib/python3.12/site-packages/flask_limiter/_extension.py", line 1153, in _check_request_limit
    self.__evaluate_limits(endpoint, all_limits)
  File "/home/kyle/kimfresh/backend/venv/lib/python3.12/site-packages/flask_limiter/_extension.py", line 1137, in __evaluate_limits
    raise RateLimitExceeded(
flask_limiter.errors.RateLimitExceeded: 429 Too Many Requests: 5 per 15 minute
[2026-09-24 09:29:42,049] ERROR in app: Unhandled exception: 429 Too Many Requests: 5 per 15 minute
Traceback (most recent call last):
  File "/home/kyle/kimfresh/backend/venv/lib/python3.12/site-packages/flask/app.py", line 917, in full_dispatch_request
    rv = self.dispatch_request()
         ^^^^^^^^^^^^^^^^^^^^^^^
  File "/home/kyle/kimfresh/backend/venv/lib/python3.12/site-packages/flask/app.py", line 902, in dispatch_request
    return self.ensure_sync(self.view_functions[rule.endpoint])(**view_args)  # type: ignore[no-any-return]
           ^^^^^^^^^^^^^^^^^^^^^^^^^^^^^^^^^^^^^^^^^^^^^^^^^^^^^^^^^^^^^^^^^
  File "/home/kyle/kimfresh/backend/venv/lib/python3.12/site-packages/flask_limiter/_limits.py", line 324, in __inner
    self.limiter._check_request_limit(in_middleware=False, callable_name=name)
  File "/home/kyle/kimfresh/backend/venv/lib/python3.12/site-packages/flask_limiter/_extension.py", line 1156, in _check_request_limit
    raise e
  File "/home/kyle/kimfresh/backend/venv/lib/python3.12/site-packages/flask_limiter/_extension.py", line 1153, in _check_request_limit
    self.__evaluate_limits(endpoint, all_limits)
  File "/home/kyle/kimfresh/backend/venv/lib/python3.12/site-packages/flask_limiter/_extension.py", line 1137, in __evaluate_limits
    raise RateLimitExceeded(
flask_limiter.errors.RateLimitExceeded: 429 Too Many Requests: 5 per 15 minute
[2026-09-24 09:29:54,533] ERROR in app: Unhandled exception: 429 Too Many Requests: 5 per 15 minute
Traceback (most recent call last):
  File "/home/kyle/kimfresh/backend/venv/lib/python3.12/site-packages/flask/app.py", line 917, in full_dispatch_request
    rv = self.dispatch_request()
         ^^^^^^^^^^^^^^^^^^^^^^^
  File "/home/kyle/kimfresh/backend/venv/lib/python3.12/site-packages/flask/app.py", line 902, in dispatch_request
    return self.ensure_sync(self.view_functions[rule.endpoint])(**view_args)  # type: ignore[no-any-return]
           ^^^^^^^^^^^^^^^^^^^^^^^^^^^^^^^^^^^^^^^^^^^^^^^^^^^^^^^^^^^^^^^^^
  File "/home/kyle/kimfresh/backend/venv/lib/python3.12/site-packages/flask_limiter/_limits.py", line 324, in __inner
    self.limiter._check_request_limit(in_middleware=False, callable_name=name)
  File "/home/kyle/kimfresh/backend/venv/lib/python3.12/site-packages/flask_limiter/_extension.py", line 1156, in _check_request_limit
    raise e
  File "/home/kyle/kimfresh/backend/venv/lib/python3.12/site-packages/flask_limiter/_extension.py", line 1153, in _check_request_limit
    self.__evaluate_limits(endpoint, all_limits)
  File "/home/kyle/kimfresh/backend/venv/lib/python3.12/site-packages/flask_limiter/_extension.py", line 1137, in __evaluate_limits
    raise RateLimitExceeded(
flask_limiter.errors.RateLimitExceeded: 429 Too Many Requests: 5 per 15 minute
[2026-09-24 09:29:58,468] ERROR in app: Unhandled exception: 429 Too Many Requests: 5 per 15 minute
Traceback (most recent call last):
  File "/home/kyle/kimfresh/backend/venv/lib/python3.12/site-packages/flask/app.py", line 917, in full_dispatch_request
    rv = self.dispatch_request()
         ^^^^^^^^^^^^^^^^^^^^^^^
  File "/home/kyle/kimfresh/backend/venv/lib/python3.12/site-packages/flask/app.py", line 902, in dispatch_request
    return self.ensure_sync(self.view_functions[rule.endpoint])(**view_args)  # type: ignore[no-any-return]
           ^^^^^^^^^^^^^^^^^^^^^^^^^^^^^^^^^^^^^^^^^^^^^^^^^^^^^^^^^^^^^^^^^
  File "/home/kyle/kimfresh/backend/venv/lib/python3.12/site-packages/flask_limiter/_limits.py", line 324, in __inner
    self.limiter._check_request_limit(in_middleware=False, callable_name=name)
  File "/home/kyle/kimfresh/backend/venv/lib/python3.12/site-packages/flask_limiter/_extension.py", line 1156, in _check_request_limit
    raise e
  File "/home/kyle/kimfresh/backend/venv/lib/python3.12/site-packages/flask_limiter/_extension.py", line 1153, in _check_request_limit
    self.__evaluate_limits(endpoint, all_limits)
  File "/home/kyle/kimfresh/backend/venv/lib/python3.12/site-packages/flask_limiter/_extension.py", line 1137, in __evaluate_limits
    raise RateLimitExceeded(
flask_limiter.errors.RateLimitExceeded: 429 Too Many Requests: 5 per 15 minute
[2026-09-24 09:30:20,278] ERROR in app: Unhandled exception: 404 Not Found: The requested URL was not found on the server. If you entered the URL manually please check your spelling and try again.
Traceback (most recent call last):
  File "/home/kyle/kimfresh/backend/venv/lib/python3.12/site-packages/flask/app.py", line 917, in full_dispatch_request
    rv = self.dispatch_request()
         ^^^^^^^^^^^^^^^^^^^^^^^
  File "/home/kyle/kimfresh/backend/venv/lib/python3.12/site-packages/flask/app.py", line 891, in dispatch_request
    self.raise_routing_exception(req)
  File "/home/kyle/kimfresh/backend/venv/lib/python3.12/site-packages/flask/app.py", line 500, in raise_routing_exception
    raise request.routing_exception  # type: ignore[misc]
    ^^^^^^^^^^^^^^^^^^^^^^^^^^^^^^^
  File "/home/kyle/kimfresh/backend/venv/lib/python3.12/site-packages/flask/ctx.py", line 362, in match_request
    result = self.url_adapter.match(return_rule=True)  # type: ignore
             ^^^^^^^^^^^^^^^^^^^^^^^^^^^^^^^^^^^^^^^^
  File "/home/kyle/kimfresh/backend/venv/lib/python3.12/site-packages/werkzeug/routing/map.py", line 629, in match
    raise NotFound() from None
werkzeug.exceptions.NotFound: 404 Not Found: The requested URL was not found on the server. If you entered the URL manually please check your spelling and try again.
[2026-09-24 09:30:20,994] ERROR in app: Unhandled exception: 404 Not Found: The requested URL was not found on the server. If you entered the URL manually please check your spelling and try again.
Traceback (most recent call last):
  File "/home/kyle/kimfresh/backend/venv/lib/python3.12/site-packages/flask/app.py", line 917, in full_dispatch_request
    rv = self.dispatch_request()
         ^^^^^^^^^^^^^^^^^^^^^^^
  File "/home/kyle/kimfresh/backend/venv/lib/python3.12/site-packages/flask/app.py", line 891, in dispatch_request
    self.raise_routing_exception(req)
  File "/home/kyle/kimfresh/backend/venv/lib/python3.12/site-packages/flask/app.py", line 500, in raise_routing_exception
    raise request.routing_exception  # type: ignore[misc]
    ^^^^^^^^^^^^^^^^^^^^^^^^^^^^^^^
  File "/home/kyle/kimfresh/backend/venv/lib/python3.12/site-packages/flask/ctx.py", line 362, in match_request
    result = self.url_adapter.match(return_rule=True)  # type: ignore
             ^^^^^^^^^^^^^^^^^^^^^^^^^^^^^^^^^^^^^^^^
  File "/home/kyle/kimfresh/backend/venv/lib/python3.12/site-packages/werkzeug/routing/map.py", line 629, in match
    raise NotFound() from None
werkzeug.exceptions.NotFound: 404 Not Found: The requested URL was not found on the server. If you entered the URL manually please check your spelling and try again.
[2026-09-24 09:30:30,211] ERROR in app: Unhandled exception: 429 Too Many Requests: 5 per 15 minute
Traceback (most recent call last):
  File "/home/kyle/kimfresh/backend/venv/lib/python3.12/site-packages/flask/app.py", line 917, in full_dispatch_request
    rv = self.dispatch_request()
         ^^^^^^^^^^^^^^^^^^^^^^^
  File "/home/kyle/kimfresh/backend/venv/lib/python3.12/site-packages/flask/app.py", line 902, in dispatch_request
    return self.ensure_sync(self.view_functions[rule.endpoint])(**view_args)  # type: ignore[no-any-return]
           ^^^^^^^^^^^^^^^^^^^^^^^^^^^^^^^^^^^^^^^^^^^^^^^^^^^^^^^^^^^^^^^^^
  File "/home/kyle/kimfresh/backend/venv/lib/python3.12/site-packages/flask_limiter/_limits.py", line 324, in __inner
    self.limiter._check_request_limit(in_middleware=False, callable_name=name)
  File "/home/kyle/kimfresh/backend/venv/lib/python3.12/site-packages/flask_limiter/_extension.py", line 1156, in _check_request_limit
    raise e
  File "/home/kyle/kimfresh/backend/venv/lib/python3.12/site-packages/flask_limiter/_extension.py", line 1153, in _check_request_limit
    self.__evaluate_limits(endpoint, all_limits)
  File "/home/kyle/kimfresh/backend/venv/lib/python3.12/site-packages/flask_limiter/_extension.py", line 1137, in __evaluate_limits
    raise RateLimitExceeded(
flask_limiter.errors.RateLimitExceeded: 429 Too Many Requests: 5 per 15 minute
[2026-09-24 09:30:39,018] ERROR in app: Unhandled exception: 429 Too Many Requests: 5 per 15 minute
Traceback (most recent call last):
  File "/home/kyle/kimfresh/backend/venv/lib/python3.12/site-packages/flask/app.py", line 917, in full_dispatch_request
    rv = self.dispatch_request()
         ^^^^^^^^^^^^^^^^^^^^^^^
  File "/home/kyle/kimfresh/backend/venv/lib/python3.12/site-packages/flask/app.py", line 902, in dispatch_request
    return self.ensure_sync(self.view_functions[rule.endpoint])(**view_args)  # type: ignore[no-any-return]
           ^^^^^^^^^^^^^^^^^^^^^^^^^^^^^^^^^^^^^^^^^^^^^^^^^^^^^^^^^^^^^^^^^
  File "/home/kyle/kimfresh/backend/venv/lib/python3.12/site-packages/flask_limiter/_limits.py", line 324, in __inner
    self.limiter._check_request_limit(in_middleware=False, callable_name=name)
  File "/home/kyle/kimfresh/backend/venv/lib/python3.12/site-packages/flask_limiter/_extension.py", line 1156, in _check_request_limit
    raise e
  File "/home/kyle/kimfresh/backend/venv/lib/python3.12/site-packages/flask_limiter/_extension.py", line 1153, in _check_request_limit
    self.__evaluate_limits(endpoint, all_limits)
  File "/home/kyle/kimfresh/backend/venv/lib/python3.12/site-packages/flask_limiter/_extension.py", line 1137, in __evaluate_limits
    raise RateLimitExceeded(
flask_limiter.errors.RateLimitExceeded: 429 Too Many Requests: 5 per 15 minute
[2026-09-24 09:30:41,374] ERROR in app: Unhandled exception: 429 Too Many Requests: 5 per 15 minute
Traceback (most recent call last):
  File "/home/kyle/kimfresh/backend/venv/lib/python3.12/site-packages/flask/app.py", line 917, in full_dispatch_request
    rv = self.dispatch_request()
         ^^^^^^^^^^^^^^^^^^^^^^^
  File "/home/kyle/kimfresh/backend/venv/lib/python3.12/site-packages/flask/app.py", line 902, in dispatch_request
    return self.ensure_sync(self.view_functions[rule.endpoint])(**view_args)  # type: ignore[no-any-return]
           ^^^^^^^^^^^^^^^^^^^^^^^^^^^^^^^^^^^^^^^^^^^^^^^^^^^^^^^^^^^^^^^^^
  File "/home/kyle/kimfresh/backend/venv/lib/python3.12/site-packages/flask_limiter/_limits.py", line 324, in __inner
    self.limiter._check_request_limit(in_middleware=False, callable_name=name)
  File "/home/kyle/kimfresh/backend/venv/lib/python3.12/site-packages/flask_limiter/_extension.py", line 1156, in _check_request_limit
    raise e
  File "/home/kyle/kimfresh/backend/venv/lib/python3.12/site-packages/flask_limiter/_extension.py", line 1153, in _check_request_limit
    self.__evaluate_limits(endpoint, all_limits)
  File "/home/kyle/kimfresh/backend/venv/lib/python3.12/site-packages/flask_limiter/_extension.py", line 1137, in __evaluate_limits
    raise RateLimitExceeded(
flask_limiter.errors.RateLimitExceeded: 429 Too Many Requests: 5 per 15 minute
[2026-09-24 09:40:47,857] INFO in auth: Login success: admin@kimfresh.com as admin
[2026-09-24 09:40:48,991] ERROR in app: Unhandled exception: 404 Not Found: The requested URL was not found on the server. If you entered the URL manually please check your spelling and try again.
Traceback (most recent call last):
  File "/home/kyle/kimfresh/backend/venv/lib/python3.12/site-packages/flask/app.py", line 917, in full_dispatch_request
    rv = self.dispatch_request()
         ^^^^^^^^^^^^^^^^^^^^^^^
  File "/home/kyle/kimfresh/backend/venv/lib/python3.12/site-packages/flask/app.py", line 891, in dispatch_request
    self.raise_routing_exception(req)
  File "/home/kyle/kimfresh/backend/venv/lib/python3.12/site-packages/flask/app.py", line 500, in raise_routing_exception
    raise request.routing_exception  # type: ignore[misc]
    ^^^^^^^^^^^^^^^^^^^^^^^^^^^^^^^
  File "/home/kyle/kimfresh/backend/venv/lib/python3.12/site-packages/flask/ctx.py", line 362, in match_request
    result = self.url_adapter.match(return_rule=True)  # type: ignore
             ^^^^^^^^^^^^^^^^^^^^^^^^^^^^^^^^^^^^^^^^
  File "/home/kyle/kimfresh/backend/venv/lib/python3.12/site-packages/werkzeug/routing/map.py", line 629, in match
    raise NotFound() from None
werkzeug.exceptions.NotFound: 404 Not Found: The requested URL was not found on the server. If you entered the URL manually please check your spelling and try again.
[2026-09-24 11:47:08,434] ERROR in app: Unhandled exception: 404 Not Found: The requested URL was not found on the server. If you entered the URL manually please check your spelling and try again.
Traceback (most recent call last):
  File "/home/kyle/kimfresh/backend/venv/lib/python3.12/site-packages/flask/app.py", line 917, in full_dispatch_request
    rv = self.dispatch_request()
         ^^^^^^^^^^^^^^^^^^^^^^^
  File "/home/kyle/kimfresh/backend/venv/lib/python3.12/site-packages/flask/app.py", line 891, in dispatch_request
    self.raise_routing_exception(req)
  File "/home/kyle/kimfresh/backend/venv/lib/python3.12/site-packages/flask/app.py", line 500, in raise_routing_exception
    raise request.routing_exception  # type: ignore[misc]
    ^^^^^^^^^^^^^^^^^^^^^^^^^^^^^^^
  File "/home/kyle/kimfresh/backend/venv/lib/python3.12/site-packages/flask/ctx.py", line 362, in match_request
    result = self.url_adapter.match(return_rule=True)  # type: ignore
             ^^^^^^^^^^^^^^^^^^^^^^^^^^^^^^^^^^^^^^^^
  File "/home/kyle/kimfresh/backend/venv/lib/python3.12/site-packages/werkzeug/routing/map.py", line 629, in match
    raise NotFound() from None
werkzeug.exceptions.NotFound: 404 Not Found: The requested URL was not found on the server. If you entered the URL manually please check your spelling and try again.
[2026-09-24 12:36:32,038] INFO in auth: Login success: driver@kimfresh.com as driver
[2026-09-29 04:49:36,081] ERROR in app: Unhandled exception: 404 Not Found: The requested URL was not found on the server. If you entered the URL manually please check your spelling and try again.
Traceback (most recent call last):
  File "/home/kyle/kimfresh/backend/venv/lib/python3.12/site-packages/flask/app.py", line 917, in full_dispatch_request
    rv = self.dispatch_request()
         ^^^^^^^^^^^^^^^^^^^^^^^
  File "/home/kyle/kimfresh/backend/venv/lib/python3.12/site-packages/flask/app.py", line 891, in dispatch_request
    self.raise_routing_exception(req)
  File "/home/kyle/kimfresh/backend/venv/lib/python3.12/site-packages/flask/app.py", line 500, in raise_routing_exception
    raise request.routing_exception  # type: ignore[misc]
    ^^^^^^^^^^^^^^^^^^^^^^^^^^^^^^^
  File "/home/kyle/kimfresh/backend/venv/lib/python3.12/site-packages/flask/ctx.py", line 362, in match_request
    result = self.url_adapter.match(return_rule=True)  # type: ignore
             ^^^^^^^^^^^^^^^^^^^^^^^^^^^^^^^^^^^^^^^^
  File "/home/kyle/kimfresh/backend/venv/lib/python3.12/site-packages/werkzeug/routing/map.py", line 629, in match
    raise NotFound() from None
werkzeug.exceptions.NotFound: 404 Not Found: The requested URL was not found on the server. If you entered the URL manually please check your spelling and try again.
[2026-09-29 04:51:46,972] ERROR in app: Unhandled exception: 404 Not Found: The requested URL was not found on the server. If you entered the URL manually please check your spelling and try again.
Traceback (most recent call last):
  File "/home/kyle/kimfresh/backend/venv/lib/python3.12/site-packages/flask/app.py", line 917, in full_dispatch_request
    rv = self.dispatch_request()
         ^^^^^^^^^^^^^^^^^^^^^^^
  File "/home/kyle/kimfresh/backend/venv/lib/python3.12/site-packages/flask/app.py", line 891, in dispatch_request
    self.raise_routing_exception(req)
  File "/home/kyle/kimfresh/backend/venv/lib/python3.12/site-packages/flask/app.py", line 500, in raise_routing_exception
    raise request.routing_exception  # type: ignore[misc]
    ^^^^^^^^^^^^^^^^^^^^^^^^^^^^^^^
  File "/home/kyle/kimfresh/backend/venv/lib/python3.12/site-packages/flask/ctx.py", line 362, in match_request
    result = self.url_adapter.match(return_rule=True)  # type: ignore
             ^^^^^^^^^^^^^^^^^^^^^^^^^^^^^^^^^^^^^^^^
  File "/home/kyle/kimfresh/backend/venv/lib/python3.12/site-packages/werkzeug/routing/map.py", line 629, in match
    raise NotFound() from None
werkzeug.exceptions.NotFound: 404 Not Found: The requested URL was not found on the server. If you entered the URL manually please check your spelling and try again.
[2026-09-29 04:51:56,590] ERROR in app: Unhandled exception: 404 Not Found: The requested URL was not found on the server. If you entered the URL manually please check your spelling and try again.
Traceback (most recent call last):
  File "/home/kyle/kimfresh/backend/venv/lib/python3.12/site-packages/flask/app.py", line 917, in full_dispatch_request
    rv = self.dispatch_request()
         ^^^^^^^^^^^^^^^^^^^^^^^
  File "/home/kyle/kimfresh/backend/venv/lib/python3.12/site-packages/flask/app.py", line 891, in dispatch_request
    self.raise_routing_exception(req)
  File "/home/kyle/kimfresh/backend/venv/lib/python3.12/site-packages/flask/app.py", line 500, in raise_routing_exception
    raise request.routing_exception  # type: ignore[misc]
    ^^^^^^^^^^^^^^^^^^^^^^^^^^^^^^^
  File "/home/kyle/kimfresh/backend/venv/lib/python3.12/site-packages/flask/ctx.py", line 362, in match_request
    result = self.url_adapter.match(return_rule=True)  # type: ignore
             ^^^^^^^^^^^^^^^^^^^^^^^^^^^^^^^^^^^^^^^^
  File "/home/kyle/kimfresh/backend/venv/lib/python3.12/site-packages/werkzeug/routing/map.py", line 629, in match
    raise NotFound() from None
werkzeug.exceptions.NotFound: 404 Not Found: The requested URL was not found on the server. If you entered the URL manually please check your spelling and try again.
[2026-09-29 04:51:58,094] ERROR in app: Unhandled exception: 404 Not Found: The requested URL was not found on the server. If you entered the URL manually please check your spelling and try again.
Traceback (most recent call last):
  File "/home/kyle/kimfresh/backend/venv/lib/python3.12/site-packages/flask/app.py", line 917, in full_dispatch_request
    rv = self.dispatch_request()
         ^^^^^^^^^^^^^^^^^^^^^^^
  File "/home/kyle/kimfresh/backend/venv/lib/python3.12/site-packages/flask/app.py", line 891, in dispatch_request
    self.raise_routing_exception(req)
  File "/home/kyle/kimfresh/backend/venv/lib/python3.12/site-packages/flask/app.py", line 500, in raise_routing_exception
    raise request.routing_exception  # type: ignore[misc]
    ^^^^^^^^^^^^^^^^^^^^^^^^^^^^^^^
  File "/home/kyle/kimfresh/backend/venv/lib/python3.12/site-packages/flask/ctx.py", line 362, in match_request
    result = self.url_adapter.match(return_rule=True)  # type: ignore
             ^^^^^^^^^^^^^^^^^^^^^^^^^^^^^^^^^^^^^^^^
  File "/home/kyle/kimfresh/backend/venv/lib/python3.12/site-packages/werkzeug/routing/map.py", line 629, in match
    raise NotFound() from None
werkzeug.exceptions.NotFound: 404 Not Found: The requested URL was not found on the server. If you entered the URL manually please check your spelling and try again.
[2026-09-29 04:55:01,535] ERROR in app: Unhandled exception: 404 Not Found: The requested URL was not found on the server. If you entered the URL manually please check your spelling and try again.
Traceback (most recent call last):
  File "/home/kyle/kimfresh/backend/venv/lib/python3.12/site-packages/flask/app.py", line 917, in full_dispatch_request
    rv = self.dispatch_request()
         ^^^^^^^^^^^^^^^^^^^^^^^
  File "/home/kyle/kimfresh/backend/venv/lib/python3.12/site-packages/flask/app.py", line 891, in dispatch_request
    self.raise_routing_exception(req)
  File "/home/kyle/kimfresh/backend/venv/lib/python3.12/site-packages/flask/app.py", line 500, in raise_routing_exception
    raise request.routing_exception  # type: ignore[misc]
    ^^^^^^^^^^^^^^^^^^^^^^^^^^^^^^^
  File "/home/kyle/kimfresh/backend/venv/lib/python3.12/site-packages/flask/ctx.py", line 362, in match_request
    result = self.url_adapter.match(return_rule=True)  # type: ignore
             ^^^^^^^^^^^^^^^^^^^^^^^^^^^^^^^^^^^^^^^^
  File "/home/kyle/kimfresh/backend/venv/lib/python3.12/site-packages/werkzeug/routing/map.py", line 629, in match
    raise NotFound() from None
werkzeug.exceptions.NotFound: 404 Not Found: The requested URL was not found on the server. If you entered the URL manually please check your spelling and try again.
[2026-09-29 04:55:47,618] ERROR in app: Unhandled exception: 404 Not Found: The requested URL was not found on the server. If you entered the URL manually please check your spelling and try again.
Traceback (most recent call last):
  File "/home/kyle/kimfresh/backend/venv/lib/python3.12/site-packages/flask/app.py", line 917, in full_dispatch_request
    rv = self.dispatch_request()
         ^^^^^^^^^^^^^^^^^^^^^^^
  File "/home/kyle/kimfresh/backend/venv/lib/python3.12/site-packages/flask/app.py", line 902, in dispatch_request
    return self.ensure_sync(self.view_functions[rule.endpoint])(**view_args)  # type: ignore[no-any-return]
           ^^^^^^^^^^^^^^^^^^^^^^^^^^^^^^^^^^^^^^^^^^^^^^^^^^^^^^^^^^^^^^^^^
  File "/home/kyle/kimfresh/backend/app.py", line 72, in serve_web
    return send_from_directory(WEB_DIR, filename)
           ^^^^^^^^^^^^^^^^^^^^^^^^^^^^^^^^^^^^^^
  File "/home/kyle/kimfresh/backend/venv/lib/python3.12/site-packages/flask/helpers.py", line 572, in send_from_directory
    return werkzeug.utils.send_from_directory(  # type: ignore[return-value]
           ^^^^^^^^^^^^^^^^^^^^^^^^^^^^^^^^^^^^^^^^^^^^^^^^^^^^^^^^^^^^^^^^^
  File "/home/kyle/kimfresh/backend/venv/lib/python3.12/site-packages/werkzeug/utils.py", line 568, in send_from_directory
    raise NotFound()
werkzeug.exceptions.NotFound: 404 Not Found: The requested URL was not found on the server. If you entered the URL manually please check your spelling and try again.
[2026-09-29 04:55:48,129] ERROR in app: Unhandled exception: 404 Not Found: The requested URL was not found on the server. If you entered the URL manually please check your spelling and try again.
Traceback (most recent call last):
  File "/home/kyle/kimfresh/backend/venv/lib/python3.12/site-packages/flask/app.py", line 917, in full_dispatch_request
    rv = self.dispatch_request()
         ^^^^^^^^^^^^^^^^^^^^^^^
  File "/home/kyle/kimfresh/backend/venv/lib/python3.12/site-packages/flask/app.py", line 891, in dispatch_request
    self.raise_routing_exception(req)
  File "/home/kyle/kimfresh/backend/venv/lib/python3.12/site-packages/flask/app.py", line 500, in raise_routing_exception
    raise request.routing_exception  # type: ignore[misc]
    ^^^^^^^^^^^^^^^^^^^^^^^^^^^^^^^
  File "/home/kyle/kimfresh/backend/venv/lib/python3.12/site-packages/flask/ctx.py", line 362, in match_request
    result = self.url_adapter.match(return_rule=True)  # type: ignore
             ^^^^^^^^^^^^^^^^^^^^^^^^^^^^^^^^^^^^^^^^
  File "/home/kyle/kimfresh/backend/venv/lib/python3.12/site-packages/werkzeug/routing/map.py", line 629, in match
    raise NotFound() from None
werkzeug.exceptions.NotFound: 404 Not Found: The requested URL was not found on the server. If you entered the URL manually please check your spelling and try again.
[2026-09-29 04:55:56,014] ERROR in app: Unhandled exception: 404 Not Found: The requested URL was not found on the server. If you entered the URL manually please check your spelling and try again.
Traceback (most recent call last):
  File "/home/kyle/kimfresh/backend/venv/lib/python3.12/site-packages/flask/app.py", line 917, in full_dispatch_request
    rv = self.dispatch_request()
         ^^^^^^^^^^^^^^^^^^^^^^^
  File "/home/kyle/kimfresh/backend/venv/lib/python3.12/site-packages/flask/app.py", line 891, in dispatch_request
    self.raise_routing_exception(req)
  File "/home/kyle/kimfresh/backend/venv/lib/python3.12/site-packages/flask/app.py", line 500, in raise_routing_exception
    raise request.routing_exception  # type: ignore[misc]
    ^^^^^^^^^^^^^^^^^^^^^^^^^^^^^^^
  File "/home/kyle/kimfresh/backend/venv/lib/python3.12/site-packages/flask/ctx.py", line 362, in match_request
    result = self.url_adapter.match(return_rule=True)  # type: ignore
             ^^^^^^^^^^^^^^^^^^^^^^^^^^^^^^^^^^^^^^^^
  File "/home/kyle/kimfresh/backend/venv/lib/python3.12/site-packages/werkzeug/routing/map.py", line 629, in match
    raise NotFound() from None
werkzeug.exceptions.NotFound: 404 Not Found: The requested URL was not found on the server. If you entered the URL manually please check your spelling and try again.
[2026-09-29 04:56:08,139] INFO in auth: Login success: driver@kimfresh.com as driver
[2026-09-29 04:56:18,615] INFO in auth: Login success: admin@kimfresh.com as admin
[2026-09-29 04:56:20,125] ERROR in app: Unhandled exception: 404 Not Found: The requested URL was not found on the server. If you entered the URL manually please check your spelling and try again.
Traceback (most recent call last):
  File "/home/kyle/kimfresh/backend/venv/lib/python3.12/site-packages/flask/app.py", line 917, in full_dispatch_request
    rv = self.dispatch_request()
         ^^^^^^^^^^^^^^^^^^^^^^^
  File "/home/kyle/kimfresh/backend/venv/lib/python3.12/site-packages/flask/app.py", line 891, in dispatch_request
    self.raise_routing_exception(req)
  File "/home/kyle/kimfresh/backend/venv/lib/python3.12/site-packages/flask/app.py", line 500, in raise_routing_exception
    raise request.routing_exception  # type: ignore[misc]
    ^^^^^^^^^^^^^^^^^^^^^^^^^^^^^^^
  File "/home/kyle/kimfresh/backend/venv/lib/python3.12/site-packages/flask/ctx.py", line 362, in match_request
    result = self.url_adapter.match(return_rule=True)  # type: ignore
             ^^^^^^^^^^^^^^^^^^^^^^^^^^^^^^^^^^^^^^^^
  File "/home/kyle/kimfresh/backend/venv/lib/python3.12/site-packages/werkzeug/routing/map.py", line 629, in match
    raise NotFound() from None
werkzeug.exceptions.NotFound: 404 Not Found: The requested URL was not found on the server. If you entered the URL manually please check your spelling and try again.
[2026-09-29 04:58:10,232] INFO in auth: Login success: retailer@kimfresh.com as retailer
[2026-09-29 04:59:06,994] ERROR in app: Unhandled exception: 404 Not Found: The requested URL was not found on the server. If you entered the URL manually please check your spelling and try again.
Traceback (most recent call last):
  File "/home/kyle/kimfresh/backend/venv/lib/python3.12/site-packages/flask/app.py", line 917, in full_dispatch_request
    rv = self.dispatch_request()
         ^^^^^^^^^^^^^^^^^^^^^^^
  File "/home/kyle/kimfresh/backend/venv/lib/python3.12/site-packages/flask/app.py", line 891, in dispatch_request
    self.raise_routing_exception(req)
  File "/home/kyle/kimfresh/backend/venv/lib/python3.12/site-packages/flask/app.py", line 500, in raise_routing_exception
    raise request.routing_exception  # type: ignore[misc]
    ^^^^^^^^^^^^^^^^^^^^^^^^^^^^^^^
  File "/home/kyle/kimfresh/backend/venv/lib/python3.12/site-packages/flask/ctx.py", line 362, in match_request
    result = self.url_adapter.match(return_rule=True)  # type: ignore
             ^^^^^^^^^^^^^^^^^^^^^^^^^^^^^^^^^^^^^^^^
  File "/home/kyle/kimfresh/backend/venv/lib/python3.12/site-packages/werkzeug/routing/map.py", line 629, in match
    raise NotFound() from None
werkzeug.exceptions.NotFound: 404 Not Found: The requested URL was not found on the server. If you entered the URL manually please check your spelling and try again.
[2026-09-29 04:59:16,707] INFO in orders: Order #2 placed by retailer 1 total ₱120.00
[2026-09-29 04:59:21,239] ERROR in app: Unhandled exception: 404 Not Found: The requested URL was not found on the server. If you entered the URL manually please check your spelling and try again.
Traceback (most recent call last):
  File "/home/kyle/kimfresh/backend/venv/lib/python3.12/site-packages/flask/app.py", line 917, in full_dispatch_request
    rv = self.dispatch_request()
         ^^^^^^^^^^^^^^^^^^^^^^^
  File "/home/kyle/kimfresh/backend/venv/lib/python3.12/site-packages/flask/app.py", line 891, in dispatch_request
    self.raise_routing_exception(req)
  File "/home/kyle/kimfresh/backend/venv/lib/python3.12/site-packages/flask/app.py", line 500, in raise_routing_exception
    raise request.routing_exception  # type: ignore[misc]
    ^^^^^^^^^^^^^^^^^^^^^^^^^^^^^^^
  File "/home/kyle/kimfresh/backend/venv/lib/python3.12/site-packages/flask/ctx.py", line 362, in match_request
    result = self.url_adapter.match(return_rule=True)  # type: ignore
             ^^^^^^^^^^^^^^^^^^^^^^^^^^^^^^^^^^^^^^^^
  File "/home/kyle/kimfresh/backend/venv/lib/python3.12/site-packages/werkzeug/routing/map.py", line 629, in match
    raise NotFound() from None
werkzeug.exceptions.NotFound: 404 Not Found: The requested URL was not found on the server. If you entered the URL manually please check your spelling and try again.
[2026-09-29 04:59:30,341] ERROR in app: Unhandled exception: 404 Not Found: The requested URL was not found on the server. If you entered the URL manually please check your spelling and try again.
Traceback (most recent call last):
  File "/home/kyle/kimfresh/backend/venv/lib/python3.12/site-packages/flask/app.py", line 917, in full_dispatch_request
    rv = self.dispatch_request()
         ^^^^^^^^^^^^^^^^^^^^^^^
  File "/home/kyle/kimfresh/backend/venv/lib/python3.12/site-packages/flask/app.py", line 891, in dispatch_request
    self.raise_routing_exception(req)
  File "/home/kyle/kimfresh/backend/venv/lib/python3.12/site-packages/flask/app.py", line 500, in raise_routing_exception
    raise request.routing_exception  # type: ignore[misc]
    ^^^^^^^^^^^^^^^^^^^^^^^^^^^^^^^
  File "/home/kyle/kimfresh/backend/venv/lib/python3.12/site-packages/flask/ctx.py", line 362, in match_request
    result = self.url_adapter.match(return_rule=True)  # type: ignore
             ^^^^^^^^^^^^^^^^^^^^^^^^^^^^^^^^^^^^^^^^
  File "/home/kyle/kimfresh/backend/venv/lib/python3.12/site-packages/werkzeug/routing/map.py", line 629, in match
    raise NotFound() from None
werkzeug.exceptions.NotFound: 404 Not Found: The requested URL was not found on the server. If you entered the URL manually please check your spelling and try again.
[2026-09-29 04:59:37,713] ERROR in app: Unhandled exception: 404 Not Found: The requested URL was not found on the server. If you entered the URL manually please check your spelling and try again.
Traceback (most recent call last):
  File "/home/kyle/kimfresh/backend/venv/lib/python3.12/site-packages/flask/app.py", line 917, in full_dispatch_request
    rv = self.dispatch_request()
         ^^^^^^^^^^^^^^^^^^^^^^^
  File "/home/kyle/kimfresh/backend/venv/lib/python3.12/site-packages/flask/app.py", line 891, in dispatch_request
    self.raise_routing_exception(req)
  File "/home/kyle/kimfresh/backend/venv/lib/python3.12/site-packages/flask/app.py", line 500, in raise_routing_exception
    raise request.routing_exception  # type: ignore[misc]
    ^^^^^^^^^^^^^^^^^^^^^^^^^^^^^^^
  File "/home/kyle/kimfresh/backend/venv/lib/python3.12/site-packages/flask/ctx.py", line 362, in match_request
    result = self.url_adapter.match(return_rule=True)  # type: ignore
             ^^^^^^^^^^^^^^^^^^^^^^^^^^^^^^^^^^^^^^^^
  File "/home/kyle/kimfresh/backend/venv/lib/python3.12/site-packages/werkzeug/routing/map.py", line 629, in match
    raise NotFound() from None
werkzeug.exceptions.NotFound: 404 Not Found: The requested URL was not found on the server. If you entered the URL manually please check your spelling and try again.
[2026-09-29 04:59:56,248] ERROR in app: Unhandled exception: 404 Not Found: The requested URL was not found on the server. If you entered the URL manually please check your spelling and try again.
Traceback (most recent call last):
  File "/home/kyle/kimfresh/backend/venv/lib/python3.12/site-packages/flask/app.py", line 917, in full_dispatch_request
    rv = self.dispatch_request()
         ^^^^^^^^^^^^^^^^^^^^^^^
  File "/home/kyle/kimfresh/backend/venv/lib/python3.12/site-packages/flask/app.py", line 891, in dispatch_request
    self.raise_routing_exception(req)
  File "/home/kyle/kimfresh/backend/venv/lib/python3.12/site-packages/flask/app.py", line 500, in raise_routing_exception
    raise request.routing_exception  # type: ignore[misc]
    ^^^^^^^^^^^^^^^^^^^^^^^^^^^^^^^
  File "/home/kyle/kimfresh/backend/venv/lib/python3.12/site-packages/flask/ctx.py", line 362, in match_request
    result = self.url_adapter.match(return_rule=True)  # type: ignore
             ^^^^^^^^^^^^^^^^^^^^^^^^^^^^^^^^^^^^^^^^
  File "/home/kyle/kimfresh/backend/venv/lib/python3.12/site-packages/werkzeug/routing/map.py", line 629, in match
    raise NotFound() from None
werkzeug.exceptions.NotFound: 404 Not Found: The requested URL was not found on the server. If you entered the URL manually please check your spelling and try again.
[2026-09-29 05:00:37,361] INFO in auth: Login success: retailer@kimfresh.com as retailer
[2026-09-29 05:00:44,150] INFO in orders: Order #3 placed by retailer 1 total ₱130.00
[2026-09-29 05:00:48,052] ERROR in app: Unhandled exception: 404 Not Found: The requested URL was not found on the server. If you entered the URL manually please check your spelling and try again.
Traceback (most recent call last):
  File "/home/kyle/kimfresh/backend/venv/lib/python3.12/site-packages/flask/app.py", line 917, in full_dispatch_request
    rv = self.dispatch_request()
         ^^^^^^^^^^^^^^^^^^^^^^^
  File "/home/kyle/kimfresh/backend/venv/lib/python3.12/site-packages/flask/app.py", line 891, in dispatch_request
    self.raise_routing_exception(req)
  File "/home/kyle/kimfresh/backend/venv/lib/python3.12/site-packages/flask/app.py", line 500, in raise_routing_exception
    raise request.routing_exception  # type: ignore[misc]
    ^^^^^^^^^^^^^^^^^^^^^^^^^^^^^^^
  File "/home/kyle/kimfresh/backend/venv/lib/python3.12/site-packages/flask/ctx.py", line 362, in match_request
    result = self.url_adapter.match(return_rule=True)  # type: ignore
             ^^^^^^^^^^^^^^^^^^^^^^^^^^^^^^^^^^^^^^^^
  File "/home/kyle/kimfresh/backend/venv/lib/python3.12/site-packages/werkzeug/routing/map.py", line 629, in match
    raise NotFound() from None
werkzeug.exceptions.NotFound: 404 Not Found: The requested URL was not found on the server. If you entered the URL manually please check your spelling and try again.
[2026-09-29 05:00:53,451] ERROR in app: Unhandled exception: 404 Not Found: The requested URL was not found on the server. If you entered the URL manually please check your spelling and try again.
Traceback (most recent call last):
  File "/home/kyle/kimfresh/backend/venv/lib/python3.12/site-packages/flask/app.py", line 917, in full_dispatch_request
    rv = self.dispatch_request()
         ^^^^^^^^^^^^^^^^^^^^^^^
  File "/home/kyle/kimfresh/backend/venv/lib/python3.12/site-packages/flask/app.py", line 891, in dispatch_request
    self.raise_routing_exception(req)
  File "/home/kyle/kimfresh/backend/venv/lib/python3.12/site-packages/flask/app.py", line 500, in raise_routing_exception
    raise request.routing_exception  # type: ignore[misc]
    ^^^^^^^^^^^^^^^^^^^^^^^^^^^^^^^
  File "/home/kyle/kimfresh/backend/venv/lib/python3.12/site-packages/flask/ctx.py", line 362, in match_request
    result = self.url_adapter.match(return_rule=True)  # type: ignore
             ^^^^^^^^^^^^^^^^^^^^^^^^^^^^^^^^^^^^^^^^
  File "/home/kyle/kimfresh/backend/venv/lib/python3.12/site-packages/werkzeug/routing/map.py", line 629, in match
    raise NotFound() from None
werkzeug.exceptions.NotFound: 404 Not Found: The requested URL was not found on the server. If you entered the URL manually please check your spelling and try again.
[2026-09-29 05:00:55,024] ERROR in app: Unhandled exception: 404 Not Found: The requested URL was not found on the server. If you entered the URL manually please check your spelling and try again.
Traceback (most recent call last):
  File "/home/kyle/kimfresh/backend/venv/lib/python3.12/site-packages/flask/app.py", line 917, in full_dispatch_request
    rv = self.dispatch_request()
         ^^^^^^^^^^^^^^^^^^^^^^^
  File "/home/kyle/kimfresh/backend/venv/lib/python3.12/site-packages/flask/app.py", line 891, in dispatch_request
    self.raise_routing_exception(req)
  File "/home/kyle/kimfresh/backend/venv/lib/python3.12/site-packages/flask/app.py", line 500, in raise_routing_exception
    raise request.routing_exception  # type: ignore[misc]
    ^^^^^^^^^^^^^^^^^^^^^^^^^^^^^^^
  File "/home/kyle/kimfresh/backend/venv/lib/python3.12/site-packages/flask/ctx.py", line 362, in match_request
    result = self.url_adapter.match(return_rule=True)  # type: ignore
             ^^^^^^^^^^^^^^^^^^^^^^^^^^^^^^^^^^^^^^^^
  File "/home/kyle/kimfresh/backend/venv/lib/python3.12/site-packages/werkzeug/routing/map.py", line 629, in match
    raise NotFound() from None
werkzeug.exceptions.NotFound: 404 Not Found: The requested URL was not found on the server. If you entered the URL manually please check your spelling and try again.
[2026-09-29 05:00:57,585] ERROR in app: Unhandled exception: 404 Not Found: The requested URL was not found on the server. If you entered the URL manually please check your spelling and try again.
Traceback (most recent call last):
  File "/home/kyle/kimfresh/backend/venv/lib/python3.12/site-packages/flask/app.py", line 917, in full_dispatch_request
    rv = self.dispatch_request()
         ^^^^^^^^^^^^^^^^^^^^^^^
  File "/home/kyle/kimfresh/backend/venv/lib/python3.12/site-packages/flask/app.py", line 891, in dispatch_request
    self.raise_routing_exception(req)
  File "/home/kyle/kimfresh/backend/venv/lib/python3.12/site-packages/flask/app.py", line 500, in raise_routing_exception
    raise request.routing_exception  # type: ignore[misc]
    ^^^^^^^^^^^^^^^^^^^^^^^^^^^^^^^
  File "/home/kyle/kimfresh/backend/venv/lib/python3.12/site-packages/flask/ctx.py", line 362, in match_request
    result = self.url_adapter.match(return_rule=True)  # type: ignore
             ^^^^^^^^^^^^^^^^^^^^^^^^^^^^^^^^^^^^^^^^
  File "/home/kyle/kimfresh/backend/venv/lib/python3.12/site-packages/werkzeug/routing/map.py", line 629, in match
    raise NotFound() from None
werkzeug.exceptions.NotFound: 404 Not Found: The requested URL was not found on the server. If you entered the URL manually please check your spelling and try again.
[2026-09-29 05:01:10,307] ERROR in app: Unhandled exception: 404 Not Found: The requested URL was not found on the server. If you entered the URL manually please check your spelling and try again.
Traceback (most recent call last):
  File "/home/kyle/kimfresh/backend/venv/lib/python3.12/site-packages/flask/app.py", line 917, in full_dispatch_request
    rv = self.dispatch_request()
         ^^^^^^^^^^^^^^^^^^^^^^^
  File "/home/kyle/kimfresh/backend/venv/lib/python3.12/site-packages/flask/app.py", line 891, in dispatch_request
    self.raise_routing_exception(req)
  File "/home/kyle/kimfresh/backend/venv/lib/python3.12/site-packages/flask/app.py", line 500, in raise_routing_exception
    raise request.routing_exception  # type: ignore[misc]
    ^^^^^^^^^^^^^^^^^^^^^^^^^^^^^^^
  File "/home/kyle/kimfresh/backend/venv/lib/python3.12/site-packages/flask/ctx.py", line 362, in match_request
    result = self.url_adapter.match(return_rule=True)  # type: ignore
             ^^^^^^^^^^^^^^^^^^^^^^^^^^^^^^^^^^^^^^^^
  File "/home/kyle/kimfresh/backend/venv/lib/python3.12/site-packages/werkzeug/routing/map.py", line 629, in match
    raise NotFound() from None
werkzeug.exceptions.NotFound: 404 Not Found: The requested URL was not found on the server. If you entered the URL manually please check your spelling and try again.
[2026-09-29 05:01:13,049] ERROR in app: Unhandled exception: 404 Not Found: The requested URL was not found on the server. If you entered the URL manually please check your spelling and try again.
Traceback (most recent call last):
  File "/home/kyle/kimfresh/backend/venv/lib/python3.12/site-packages/flask/app.py", line 917, in full_dispatch_request
    rv = self.dispatch_request()
         ^^^^^^^^^^^^^^^^^^^^^^^
  File "/home/kyle/kimfresh/backend/venv/lib/python3.12/site-packages/flask/app.py", line 891, in dispatch_request
    self.raise_routing_exception(req)
  File "/home/kyle/kimfresh/backend/venv/lib/python3.12/site-packages/flask/app.py", line 500, in raise_routing_exception
    raise request.routing_exception  # type: ignore[misc]
    ^^^^^^^^^^^^^^^^^^^^^^^^^^^^^^^
  File "/home/kyle/kimfresh/backend/venv/lib/python3.12/site-packages/flask/ctx.py", line 362, in match_request
    result = self.url_adapter.match(return_rule=True)  # type: ignore
             ^^^^^^^^^^^^^^^^^^^^^^^^^^^^^^^^^^^^^^^^
  File "/home/kyle/kimfresh/backend/venv/lib/python3.12/site-packages/werkzeug/routing/map.py", line 629, in match
    raise NotFound() from None
werkzeug.exceptions.NotFound: 404 Not Found: The requested URL was not found on the server. If you entered the URL manually please check your spelling and try again.
[2026-09-29 05:01:24,393] ERROR in app: Unhandled exception: 404 Not Found: The requested URL was not found on the server. If you entered the URL manually please check your spelling and try again.
Traceback (most recent call last):
  File "/home/kyle/kimfresh/backend/venv/lib/python3.12/site-packages/flask/app.py", line 917, in full_dispatch_request
    rv = self.dispatch_request()
         ^^^^^^^^^^^^^^^^^^^^^^^
  File "/home/kyle/kimfresh/backend/venv/lib/python3.12/site-packages/flask/app.py", line 891, in dispatch_request
    self.raise_routing_exception(req)
  File "/home/kyle/kimfresh/backend/venv/lib/python3.12/site-packages/flask/app.py", line 500, in raise_routing_exception
    raise request.routing_exception  # type: ignore[misc]
    ^^^^^^^^^^^^^^^^^^^^^^^^^^^^^^^
  File "/home/kyle/kimfresh/backend/venv/lib/python3.12/site-packages/flask/ctx.py", line 362, in match_request
    result = self.url_adapter.match(return_rule=True)  # type: ignore
             ^^^^^^^^^^^^^^^^^^^^^^^^^^^^^^^^^^^^^^^^
  File "/home/kyle/kimfresh/backend/venv/lib/python3.12/site-packages/werkzeug/routing/map.py", line 629, in match
    raise NotFound() from None
werkzeug.exceptions.NotFound: 404 Not Found: The requested URL was not found on the server. If you entered the URL manually please check your spelling and try again.
[2026-09-29 05:01:26,947] ERROR in app: Unhandled exception: 404 Not Found: The requested URL was not found on the server. If you entered the URL manually please check your spelling and try again.
Traceback (most recent call last):
  File "/home/kyle/kimfresh/backend/venv/lib/python3.12/site-packages/flask/app.py", line 917, in full_dispatch_request
    rv = self.dispatch_request()
         ^^^^^^^^^^^^^^^^^^^^^^^
  File "/home/kyle/kimfresh/backend/venv/lib/python3.12/site-packages/flask/app.py", line 891, in dispatch_request
    self.raise_routing_exception(req)
  File "/home/kyle/kimfresh/backend/venv/lib/python3.12/site-packages/flask/app.py", line 500, in raise_routing_exception
    raise request.routing_exception  # type: ignore[misc]
    ^^^^^^^^^^^^^^^^^^^^^^^^^^^^^^^
  File "/home/kyle/kimfresh/backend/venv/lib/python3.12/site-packages/flask/ctx.py", line 362, in match_request
    result = self.url_adapter.match(return_rule=True)  # type: ignore
             ^^^^^^^^^^^^^^^^^^^^^^^^^^^^^^^^^^^^^^^^
  File "/home/kyle/kimfresh/backend/venv/lib/python3.12/site-packages/werkzeug/routing/map.py", line 629, in match
    raise NotFound() from None
werkzeug.exceptions.NotFound: 404 Not Found: The requested URL was not found on the server. If you entered the URL manually please check your spelling and try again.
[2026-09-29 05:01:35,782] ERROR in app: Unhandled exception: 404 Not Found: The requested URL was not found on the server. If you entered the URL manually please check your spelling and try again.
Traceback (most recent call last):
  File "/home/kyle/kimfresh/backend/venv/lib/python3.12/site-packages/flask/app.py", line 917, in full_dispatch_request
    rv = self.dispatch_request()
         ^^^^^^^^^^^^^^^^^^^^^^^
  File "/home/kyle/kimfresh/backend/venv/lib/python3.12/site-packages/flask/app.py", line 891, in dispatch_request
    self.raise_routing_exception(req)
  File "/home/kyle/kimfresh/backend/venv/lib/python3.12/site-packages/flask/app.py", line 500, in raise_routing_exception
    raise request.routing_exception  # type: ignore[misc]
    ^^^^^^^^^^^^^^^^^^^^^^^^^^^^^^^
  File "/home/kyle/kimfresh/backend/venv/lib/python3.12/site-packages/flask/ctx.py", line 362, in match_request
    result = self.url_adapter.match(return_rule=True)  # type: ignore
             ^^^^^^^^^^^^^^^^^^^^^^^^^^^^^^^^^^^^^^^^
  File "/home/kyle/kimfresh/backend/venv/lib/python3.12/site-packages/werkzeug/routing/map.py", line 629, in match
    raise NotFound() from None
werkzeug.exceptions.NotFound: 404 Not Found: The requested URL was not found on the server. If you entered the URL manually please check your spelling and try again.
[2026-09-29 05:01:49,382] INFO in auth: Login success: driver@kimfresh.com as driver
[2026-09-29 05:01:58,668] ERROR in app: Unhandled exception: 404 Not Found: The requested URL was not found on the server. If you entered the URL manually please check your spelling and try again.
Traceback (most recent call last):
  File "/home/kyle/kimfresh/backend/venv/lib/python3.12/site-packages/flask/app.py", line 917, in full_dispatch_request
    rv = self.dispatch_request()
         ^^^^^^^^^^^^^^^^^^^^^^^
  File "/home/kyle/kimfresh/backend/venv/lib/python3.12/site-packages/flask/app.py", line 891, in dispatch_request
    self.raise_routing_exception(req)
  File "/home/kyle/kimfresh/backend/venv/lib/python3.12/site-packages/flask/app.py", line 500, in raise_routing_exception
    raise request.routing_exception  # type: ignore[misc]
    ^^^^^^^^^^^^^^^^^^^^^^^^^^^^^^^
  File "/home/kyle/kimfresh/backend/venv/lib/python3.12/site-packages/flask/ctx.py", line 362, in match_request
    result = self.url_adapter.match(return_rule=True)  # type: ignore
             ^^^^^^^^^^^^^^^^^^^^^^^^^^^^^^^^^^^^^^^^
  File "/home/kyle/kimfresh/backend/venv/lib/python3.12/site-packages/werkzeug/routing/map.py", line 629, in match
    raise NotFound() from None
werkzeug.exceptions.NotFound: 404 Not Found: The requested URL was not found on the server. If you entered the URL manually please check your spelling and try again.
[2026-09-29 05:02:04,761] ERROR in app: Unhandled exception: 404 Not Found: The requested URL was not found on the server. If you entered the URL manually please check your spelling and try again.
Traceback (most recent call last):
  File "/home/kyle/kimfresh/backend/venv/lib/python3.12/site-packages/flask/app.py", line 917, in full_dispatch_request
    rv = self.dispatch_request()
         ^^^^^^^^^^^^^^^^^^^^^^^
  File "/home/kyle/kimfresh/backend/venv/lib/python3.12/site-packages/flask/app.py", line 891, in dispatch_request
    self.raise_routing_exception(req)
  File "/home/kyle/kimfresh/backend/venv/lib/python3.12/site-packages/flask/app.py", line 500, in raise_routing_exception
    raise request.routing_exception  # type: ignore[misc]
    ^^^^^^^^^^^^^^^^^^^^^^^^^^^^^^^
  File "/home/kyle/kimfresh/backend/venv/lib/python3.12/site-packages/flask/ctx.py", line 362, in match_request
    result = self.url_adapter.match(return_rule=True)  # type: ignore
             ^^^^^^^^^^^^^^^^^^^^^^^^^^^^^^^^^^^^^^^^
  File "/home/kyle/kimfresh/backend/venv/lib/python3.12/site-packages/werkzeug/routing/map.py", line 629, in match
    raise NotFound() from None
werkzeug.exceptions.NotFound: 404 Not Found: The requested URL was not found on the server. If you entered the URL manually please check your spelling and try again.
[2026-09-29 05:02:10,129] ERROR in app: Unhandled exception: 404 Not Found: The requested URL was not found on the server. If you entered the URL manually please check your spelling and try again.
Traceback (most recent call last):
  File "/home/kyle/kimfresh/backend/venv/lib/python3.12/site-packages/flask/app.py", line 917, in full_dispatch_request
    rv = self.dispatch_request()
         ^^^^^^^^^^^^^^^^^^^^^^^
  File "/home/kyle/kimfresh/backend/venv/lib/python3.12/site-packages/flask/app.py", line 891, in dispatch_request
    self.raise_routing_exception(req)
  File "/home/kyle/kimfresh/backend/venv/lib/python3.12/site-packages/flask/app.py", line 500, in raise_routing_exception
    raise request.routing_exception  # type: ignore[misc]
    ^^^^^^^^^^^^^^^^^^^^^^^^^^^^^^^
  File "/home/kyle/kimfresh/backend/venv/lib/python3.12/site-packages/flask/ctx.py", line 362, in match_request
    result = self.url_adapter.match(return_rule=True)  # type: ignore
             ^^^^^^^^^^^^^^^^^^^^^^^^^^^^^^^^^^^^^^^^
  File "/home/kyle/kimfresh/backend/venv/lib/python3.12/site-packages/werkzeug/routing/map.py", line 629, in match
    raise NotFound() from None
werkzeug.exceptions.NotFound: 404 Not Found: The requested URL was not found on the server. If you entered the URL manually please check your spelling and try again.
[2026-09-29 05:02:15,407] ERROR in app: Unhandled exception: 404 Not Found: The requested URL was not found on the server. If you entered the URL manually please check your spelling and try again.
Traceback (most recent call last):
  File "/home/kyle/kimfresh/backend/venv/lib/python3.12/site-packages/flask/app.py", line 917, in full_dispatch_request
    rv = self.dispatch_request()
         ^^^^^^^^^^^^^^^^^^^^^^^
  File "/home/kyle/kimfresh/backend/venv/lib/python3.12/site-packages/flask/app.py", line 891, in dispatch_request
    self.raise_routing_exception(req)
  File "/home/kyle/kimfresh/backend/venv/lib/python3.12/site-packages/flask/app.py", line 500, in raise_routing_exception
    raise request.routing_exception  # type: ignore[misc]
    ^^^^^^^^^^^^^^^^^^^^^^^^^^^^^^^
  File "/home/kyle/kimfresh/backend/venv/lib/python3.12/site-packages/flask/ctx.py", line 362, in match_request
    result = self.url_adapter.match(return_rule=True)  # type: ignore
             ^^^^^^^^^^^^^^^^^^^^^^^^^^^^^^^^^^^^^^^^
  File "/home/kyle/kimfresh/backend/venv/lib/python3.12/site-packages/werkzeug/routing/map.py", line 629, in match
    raise NotFound() from None
werkzeug.exceptions.NotFound: 404 Not Found: The requested URL was not found on the server. If you entered the URL manually please check your spelling and try again.
[2026-09-29 05:08:22,823] ERROR in app: Unhandled exception: 404 Not Found: The requested URL was not found on the server. If you entered the URL manually please check your spelling and try again.
Traceback (most recent call last):
  File "/home/kyle/kimfresh/backend/venv/lib/python3.12/site-packages/flask/app.py", line 917, in full_dispatch_request
    rv = self.dispatch_request()
         ^^^^^^^^^^^^^^^^^^^^^^^
  File "/home/kyle/kimfresh/backend/venv/lib/python3.12/site-packages/flask/app.py", line 891, in dispatch_request
    self.raise_routing_exception(req)
  File "/home/kyle/kimfresh/backend/venv/lib/python3.12/site-packages/flask/app.py", line 500, in raise_routing_exception
    raise request.routing_exception  # type: ignore[misc]
    ^^^^^^^^^^^^^^^^^^^^^^^^^^^^^^^
  File "/home/kyle/kimfresh/backend/venv/lib/python3.12/site-packages/flask/ctx.py", line 362, in match_request
    result = self.url_adapter.match(return_rule=True)  # type: ignore
             ^^^^^^^^^^^^^^^^^^^^^^^^^^^^^^^^^^^^^^^^
  File "/home/kyle/kimfresh/backend/venv/lib/python3.12/site-packages/werkzeug/routing/map.py", line 629, in match
    raise NotFound() from None
werkzeug.exceptions.NotFound: 404 Not Found: The requested URL was not found on the server. If you entered the URL manually please check your spelling and try again.
[2026-09-29 05:09:01,326] ERROR in app: Unhandled exception: 429 Too Many Requests: 5 per 15 minute
Traceback (most recent call last):
  File "/home/kyle/kimfresh/backend/venv/lib/python3.12/site-packages/flask/app.py", line 917, in full_dispatch_request
    rv = self.dispatch_request()
         ^^^^^^^^^^^^^^^^^^^^^^^
  File "/home/kyle/kimfresh/backend/venv/lib/python3.12/site-packages/flask/app.py", line 902, in dispatch_request
    return self.ensure_sync(self.view_functions[rule.endpoint])(**view_args)  # type: ignore[no-any-return]
           ^^^^^^^^^^^^^^^^^^^^^^^^^^^^^^^^^^^^^^^^^^^^^^^^^^^^^^^^^^^^^^^^^
  File "/home/kyle/kimfresh/backend/venv/lib/python3.12/site-packages/flask_limiter/_limits.py", line 324, in __inner
    self.limiter._check_request_limit(in_middleware=False, callable_name=name)
  File "/home/kyle/kimfresh/backend/venv/lib/python3.12/site-packages/flask_limiter/_extension.py", line 1156, in _check_request_limit
    raise e
  File "/home/kyle/kimfresh/backend/venv/lib/python3.12/site-packages/flask_limiter/_extension.py", line 1153, in _check_request_limit
    self.__evaluate_limits(endpoint, all_limits)
  File "/home/kyle/kimfresh/backend/venv/lib/python3.12/site-packages/flask_limiter/_extension.py", line 1137, in __evaluate_limits
    raise RateLimitExceeded(
flask_limiter.errors.RateLimitExceeded: 429 Too Many Requests: 5 per 15 minute
[2026-09-29 05:09:27,746] ERROR in app: Unhandled exception: 404 Not Found: The requested URL was not found on the server. If you entered the URL manually please check your spelling and try again.
Traceback (most recent call last):
  File "/home/kyle/kimfresh/backend/venv/lib/python3.12/site-packages/flask/app.py", line 917, in full_dispatch_request
    rv = self.dispatch_request()
         ^^^^^^^^^^^^^^^^^^^^^^^
  File "/home/kyle/kimfresh/backend/venv/lib/python3.12/site-packages/flask/app.py", line 891, in dispatch_request
    self.raise_routing_exception(req)
  File "/home/kyle/kimfresh/backend/venv/lib/python3.12/site-packages/flask/app.py", line 500, in raise_routing_exception
    raise request.routing_exception  # type: ignore[misc]
    ^^^^^^^^^^^^^^^^^^^^^^^^^^^^^^^
  File "/home/kyle/kimfresh/backend/venv/lib/python3.12/site-packages/flask/ctx.py", line 362, in match_request
    result = self.url_adapter.match(return_rule=True)  # type: ignore
             ^^^^^^^^^^^^^^^^^^^^^^^^^^^^^^^^^^^^^^^^
  File "/home/kyle/kimfresh/backend/venv/lib/python3.12/site-packages/werkzeug/routing/map.py", line 629, in match
    raise NotFound() from None
werkzeug.exceptions.NotFound: 404 Not Found: The requested URL was not found on the server. If you entered the URL manually please check your spelling and try again.
[2026-09-29 05:10:15,363] ERROR in app: Unhandled exception: 429 Too Many Requests: 5 per 15 minute
Traceback (most recent call last):
  File "/home/kyle/kimfresh/backend/venv/lib/python3.12/site-packages/flask/app.py", line 917, in full_dispatch_request
    rv = self.dispatch_request()
         ^^^^^^^^^^^^^^^^^^^^^^^
  File "/home/kyle/kimfresh/backend/venv/lib/python3.12/site-packages/flask/app.py", line 902, in dispatch_request
    return self.ensure_sync(self.view_functions[rule.endpoint])(**view_args)  # type: ignore[no-any-return]
           ^^^^^^^^^^^^^^^^^^^^^^^^^^^^^^^^^^^^^^^^^^^^^^^^^^^^^^^^^^^^^^^^^
  File "/home/kyle/kimfresh/backend/venv/lib/python3.12/site-packages/flask_limiter/_limits.py", line 324, in __inner
    self.limiter._check_request_limit(in_middleware=False, callable_name=name)
  File "/home/kyle/kimfresh/backend/venv/lib/python3.12/site-packages/flask_limiter/_extension.py", line 1156, in _check_request_limit
    raise e
  File "/home/kyle/kimfresh/backend/venv/lib/python3.12/site-packages/flask_limiter/_extension.py", line 1153, in _check_request_limit
    self.__evaluate_limits(endpoint, all_limits)
  File "/home/kyle/kimfresh/backend/venv/lib/python3.12/site-packages/flask_limiter/_extension.py", line 1137, in __evaluate_limits
    raise RateLimitExceeded(
flask_limiter.errors.RateLimitExceeded: 429 Too Many Requests: 5 per 15 minute
[2026-09-29 05:11:34,977] ERROR in app: Unhandled exception: 400 Bad Request: The browser (or proxy) sent a request that this server could not understand.
Traceback (most recent call last):
  File "/home/kyle/kimfresh/backend/venv/lib/python3.12/site-packages/werkzeug/wrappers/request.py", line 611, in get_json
    rv = self.json_module.loads(data)
         ^^^^^^^^^^^^^^^^^^^^^^^^^^^^
  File "/home/kyle/kimfresh/backend/venv/lib/python3.12/site-packages/flask/json/provider.py", line 187, in loads
    return json.loads(s, **kwargs)
           ^^^^^^^^^^^^^^^^^^^^^^^
  File "/usr/lib/python3.12/json/__init__.py", line 346, in loads
    return _default_decoder.decode(s)
           ^^^^^^^^^^^^^^^^^^^^^^^^^^
  File "/usr/lib/python3.12/json/decoder.py", line 337, in decode
    obj, end = self.raw_decode(s, idx=_w(s, 0).end())
               ^^^^^^^^^^^^^^^^^^^^^^^^^^^^^^^^^^^^^^
  File "/usr/lib/python3.12/json/decoder.py", line 353, in raw_decode
    obj, end = self.scan_once(s, idx)
               ^^^^^^^^^^^^^^^^^^^^^^
json.decoder.JSONDecodeError: Expecting property name enclosed in double quotes: line 1 column 2 (char 1)

During handling of the above exception, another exception occurred:

Traceback (most recent call last):
  File "/home/kyle/kimfresh/backend/venv/lib/python3.12/site-packages/flask/wrappers.py", line 214, in on_json_loading_failed
    return super().on_json_loading_failed(e)
           ^^^^^^^^^^^^^^^^^^^^^^^^^^^^^^^^^
  File "/home/kyle/kimfresh/backend/venv/lib/python3.12/site-packages/werkzeug/wrappers/request.py", line 645, in on_json_loading_failed
    raise BadRequest(f"Failed to decode JSON object: {e}")
werkzeug.exceptions.BadRequest: 400 Bad Request: Failed to decode JSON object: Expecting property name enclosed in double quotes: line 1 column 2 (char 1)

The above exception was the direct cause of the following exception:

Traceback (most recent call last):
  File "/home/kyle/kimfresh/backend/venv/lib/python3.12/site-packages/flask/app.py", line 917, in full_dispatch_request
    rv = self.dispatch_request()
         ^^^^^^^^^^^^^^^^^^^^^^^
  File "/home/kyle/kimfresh/backend/venv/lib/python3.12/site-packages/flask/app.py", line 902, in dispatch_request
    return self.ensure_sync(self.view_functions[rule.endpoint])(**view_args)  # type: ignore[no-any-return]
           ^^^^^^^^^^^^^^^^^^^^^^^^^^^^^^^^^^^^^^^^^^^^^^^^^^^^^^^^^^^^^^^^^
  File "/home/kyle/kimfresh/backend/venv/lib/python3.12/site-packages/flask_limiter/_limits.py", line 326, in __inner
    return cast(R, flask.current_app.ensure_sync(obj)(*a, **k))
                   ^^^^^^^^^^^^^^^^^^^^^^^^^^^^^^^^^^^^^^^^^^^
  File "/home/kyle/kimfresh/backend/auth.py", line 28, in login
    data = request.get_json()
           ^^^^^^^^^^^^^^^^^^
  File "/home/kyle/kimfresh/backend/venv/lib/python3.12/site-packages/werkzeug/wrappers/request.py", line 620, in get_json
    rv = self.on_json_loading_failed(e)
         ^^^^^^^^^^^^^^^^^^^^^^^^^^^^^^
  File "/home/kyle/kimfresh/backend/venv/lib/python3.12/site-packages/flask/wrappers.py", line 219, in on_json_loading_failed
    raise BadRequest() from ebr
werkzeug.exceptions.BadRequest: 400 Bad Request: The browser (or proxy) sent a request that this server could not understand.
[2026-09-29 05:13:20,986] INFO in auth: Login success: retailer@kimfresh.com as retailer
[2026-09-29 05:14:11,056] WARNING in auth: Login failed: wrong password for retailer@kimfresh.com
[2026-09-29 05:15:43,419] INFO in auth: Login success: retailer@kimfresh.com as retailer
[2026-09-29 05:15:47,244] ERROR in app: Unhandled exception: 404 Not Found: The requested URL was not found on the server. If you entered the URL manually please check your spelling and try again.
Traceback (most recent call last):
  File "/home/kyle/kimfresh/backend/venv/lib/python3.12/site-packages/flask/app.py", line 917, in full_dispatch_request
    rv = self.dispatch_request()
         ^^^^^^^^^^^^^^^^^^^^^^^
  File "/home/kyle/kimfresh/backend/venv/lib/python3.12/site-packages/flask/app.py", line 891, in dispatch_request
    self.raise_routing_exception(req)
  File "/home/kyle/kimfresh/backend/venv/lib/python3.12/site-packages/flask/app.py", line 500, in raise_routing_exception
    raise request.routing_exception  # type: ignore[misc]
    ^^^^^^^^^^^^^^^^^^^^^^^^^^^^^^^
  File "/home/kyle/kimfresh/backend/venv/lib/python3.12/site-packages/flask/ctx.py", line 362, in match_request
    result = self.url_adapter.match(return_rule=True)  # type: ignore
             ^^^^^^^^^^^^^^^^^^^^^^^^^^^^^^^^^^^^^^^^
  File "/home/kyle/kimfresh/backend/venv/lib/python3.12/site-packages/werkzeug/routing/map.py", line 629, in match
    raise NotFound() from None
werkzeug.exceptions.NotFound: 404 Not Found: The requested URL was not found on the server. If you entered the URL manually please check your spelling and try again.
[2026-09-29 05:19:16,713] INFO in auth: Login success: retailer@kimfresh.com as retailer
[2026-09-29 05:21:10,242] ERROR in app: Unhandled exception: 429 Too Many Requests: 5 per 15 minute
Traceback (most recent call last):
  File "/home/kyle/kimfresh/backend/venv/lib/python3.12/site-packages/flask/app.py", line 917, in full_dispatch_request
    rv = self.dispatch_request()
         ^^^^^^^^^^^^^^^^^^^^^^^
  File "/home/kyle/kimfresh/backend/venv/lib/python3.12/site-packages/flask/app.py", line 902, in dispatch_request
    return self.ensure_sync(self.view_functions[rule.endpoint])(**view_args)  # type: ignore[no-any-return]
           ^^^^^^^^^^^^^^^^^^^^^^^^^^^^^^^^^^^^^^^^^^^^^^^^^^^^^^^^^^^^^^^^^
  File "/home/kyle/kimfresh/backend/venv/lib/python3.12/site-packages/flask_limiter/_limits.py", line 324, in __inner
    self.limiter._check_request_limit(in_middleware=False, callable_name=name)
  File "/home/kyle/kimfresh/backend/venv/lib/python3.12/site-packages/flask_limiter/_extension.py", line 1156, in _check_request_limit
    raise e
  File "/home/kyle/kimfresh/backend/venv/lib/python3.12/site-packages/flask_limiter/_extension.py", line 1153, in _check_request_limit
    self.__evaluate_limits(endpoint, all_limits)
  File "/home/kyle/kimfresh/backend/venv/lib/python3.12/site-packages/flask_limiter/_extension.py", line 1137, in __evaluate_limits
    raise RateLimitExceeded(
flask_limiter.errors.RateLimitExceeded: 429 Too Many Requests: 5 per 15 minute
[2026-09-29 05:27:09,149] ERROR in app: Unhandled exception: 404 Not Found: The requested URL was not found on the server. If you entered the URL manually please check your spelling and try again.
Traceback (most recent call last):
  File "/home/kyle/kimfresh/backend/venv/lib/python3.12/site-packages/flask/app.py", line 917, in full_dispatch_request
    rv = self.dispatch_request()
         ^^^^^^^^^^^^^^^^^^^^^^^
  File "/home/kyle/kimfresh/backend/venv/lib/python3.12/site-packages/flask/app.py", line 891, in dispatch_request
    self.raise_routing_exception(req)
  File "/home/kyle/kimfresh/backend/venv/lib/python3.12/site-packages/flask/app.py", line 500, in raise_routing_exception
    raise request.routing_exception  # type: ignore[misc]
    ^^^^^^^^^^^^^^^^^^^^^^^^^^^^^^^
  File "/home/kyle/kimfresh/backend/venv/lib/python3.12/site-packages/flask/ctx.py", line 362, in match_request
    result = self.url_adapter.match(return_rule=True)  # type: ignore
             ^^^^^^^^^^^^^^^^^^^^^^^^^^^^^^^^^^^^^^^^
  File "/home/kyle/kimfresh/backend/venv/lib/python3.12/site-packages/werkzeug/routing/map.py", line 629, in match
    raise NotFound() from None
werkzeug.exceptions.NotFound: 404 Not Found: The requested URL was not found on the server. If you entered the URL manually please check your spelling and try again.
[2026-09-29 05:31:50,825] WARNING in auth: Login failed: wrong password for admin@kimfresh.com
[2026-09-29 05:31:51,002] WARNING in auth: Login failed: wrong password for admin@kimfresh.com
[2026-09-29 05:31:51,184] WARNING in auth: Login failed: wrong password for admin@kimfresh.com
[2026-09-29 05:31:51,374] WARNING in auth: Login failed: wrong password for admin@kimfresh.com
[2026-09-29 05:31:51,554] WARNING in auth: Login failed: wrong password for admin@kimfresh.com
[2026-09-29 05:31:51,736] WARNING in auth: Login failed: wrong password for admin@kimfresh.com
[2026-09-29 05:31:51,915] WARNING in auth: Login failed: wrong password for admin@kimfresh.com
[2026-09-29 05:31:52,093] WARNING in auth: Login failed: wrong password for admin@kimfresh.com
[2026-09-29 05:31:52,280] WARNING in auth: Login failed: wrong password for admin@kimfresh.com
[2026-09-29 05:31:52,455] WARNING in auth: Login failed: wrong password for admin@kimfresh.com
[2026-09-29 05:31:52,633] WARNING in auth: Login failed: wrong password for admin@kimfresh.com
[2026-09-29 05:31:52,818] WARNING in auth: Login failed: wrong password for admin@kimfresh.com
[2026-09-29 05:31:53,059] WARNING in auth: Login failed: wrong password for admin@kimfresh.com
[2026-09-29 05:31:53,262] WARNING in auth: Login failed: wrong password for admin@kimfresh.com
[2026-09-29 05:31:53,448] WARNING in auth: Login failed: wrong password for admin@kimfresh.com
[2026-09-29 05:31:53,646] WARNING in auth: Login failed: wrong password for admin@kimfresh.com
[2026-09-29 05:31:53,862] WARNING in auth: Login failed: wrong password for admin@kimfresh.com
[2026-09-29 05:31:54,044] WARNING in auth: Login failed: wrong password for admin@kimfresh.com
[2026-09-29 05:31:54,274] WARNING in auth: Login failed: wrong password for admin@kimfresh.com
[2026-09-29 05:31:54,461] WARNING in auth: Login failed: wrong password for admin@kimfresh.com
[2026-09-29 05:31:54,637] WARNING in auth: Login failed: wrong password for admin@kimfresh.com
[2026-09-29 05:31:54,812] WARNING in auth: Login failed: wrong password for admin@kimfresh.com
[2026-09-29 05:31:54,997] WARNING in auth: Login failed: wrong password for admin@kimfresh.com
[2026-09-29 05:31:55,182] WARNING in auth: Login failed: wrong password for admin@kimfresh.com
[2026-09-29 05:31:55,371] WARNING in auth: Login failed: wrong password for admin@kimfresh.com
[2026-09-29 05:31:55,551] WARNING in auth: Login failed: wrong password for admin@kimfresh.com
[2026-09-29 05:31:55,738] WARNING in auth: Login failed: wrong password for admin@kimfresh.com
[2026-09-29 05:31:55,915] WARNING in auth: Login failed: wrong password for admin@kimfresh.com
[2026-09-29 05:31:56,104] WARNING in auth: Login failed: wrong password for admin@kimfresh.com
[2026-09-29 05:31:56,288] WARNING in auth: Login failed: wrong password for admin@kimfresh.com
[2026-09-29 05:31:56,473] WARNING in auth: Login failed: wrong password for admin@kimfresh.com
[2026-09-29 05:31:56,659] WARNING in auth: Login failed: wrong password for admin@kimfresh.com
[2026-09-29 05:31:56,888] WARNING in auth: Login failed: wrong password for admin@kimfresh.com
[2026-09-29 05:31:57,125] WARNING in auth: Login failed: wrong password for admin@kimfresh.com
[2026-09-29 05:31:57,310] WARNING in auth: Login failed: wrong password for admin@kimfresh.com
[2026-09-29 05:31:57,496] WARNING in auth: Login failed: wrong password for admin@kimfresh.com
[2026-09-29 05:31:57,673] WARNING in auth: Login failed: wrong password for admin@kimfresh.com
[2026-09-29 05:31:57,879] WARNING in auth: Login failed: wrong password for admin@kimfresh.com
[2026-09-29 05:31:58,069] WARNING in auth: Login failed: wrong password for admin@kimfresh.com
[2026-09-29 05:31:58,262] WARNING in auth: Login failed: wrong password for admin@kimfresh.com
[2026-09-29 05:31:58,454] WARNING in auth: Login failed: wrong password for admin@kimfresh.com
[2026-09-29 05:31:58,652] WARNING in auth: Login failed: wrong password for admin@kimfresh.com
[2026-09-29 05:33:20,252] INFO in auth: Login success: admin@kimfresh.com as admin
[2026-09-29 05:33:20,419] INFO in auth: Login success: retailer@kimfresh.com as retailer
[2026-09-29 05:33:20,595] INFO in auth: Login success: driver@kimfresh.com as driver
[2026-09-29 05:33:20,769] WARNING in auth: Login failed: wrong password for retailer@kimfresh.com
[2026-09-29 05:33:20,845] WARNING in auth: Login failed: unknown email nobody@kimfresh.com
[2026-09-29 05:33:21,950] INFO in orders: Order #4 placed by retailer 1 total ₱175.00
[2026-09-29 05:33:22,091] INFO in orders: Order #5 placed by retailer 1 total ₱350.00
[2026-09-29 05:33:22,366] INFO in orders: Order #6 placed by retailer 1 total ₱175.00
